ID,Date,City,Area,Primary Type,Description,Location Description,Arrest,Domestic,Year,Latitude,Longitude
PK-2026000,11/17/2022 02:30:00 PM,Lahore,Gulberg,CRIMINAL DAMAGE,TO PROPERTY,RESIDENCE,False,False,2022,31.509972,74.374592
PK-2026001,08/11/2021 08:40:00 AM,Quetta,Cantt,PROSTITUTION,SOLICIT ON PUBLIC WAY,STREET,True,False,2021,30.153231,66.91795
PK-2026002,07/29/2023 07:00:00 PM,Peshawar,Saddar,BURGLARY,UNLAWFUL ENTRY,RESIDENCE-GARAGE,False,False,2023,33.976341,71.467555
PK-2026003,11/29/2025 09:05:00 PM,Rawalpindi,Chaklala,BATTERY,SIMPLE,POLICE FACILITY/VEH PARKING LOT,True,False,2025,33.515744,72.995733
PK-2026004,03/19/2020 10:00:00 AM,Karachi,North Nazimabad,OTHER OFFENSE,OTHER VEHICLE OFFENSE,STREET,False,True,2020,24.815176,66.999737
PK-2026005,08/31/2020 12:00:00 PM,Karachi,Clifton,ASSAULT,SIMPLE,STREET,False,True,2020,24.855993,67.033549
PK-2026006,02/07/2024 01:30:00 AM,Karachi,Gulshan-e-Iqbal,OTHER OFFENSE,OTHER CRIME INVOLVING PROPERTY,STREET,True,True,2024,24.82546,67.023095
PK-2026007,10/16/2020 06:00:00 AM,Multan,Model Town,OTHER OFFENSE,HARASSMENT BY TELEPHONE,RESIDENCE,False,False,2020,30.141212,71.518408
PK-2026008,09/06/2022 08:47:53 PM,Rawalpindi,Satellite Town,NARCOTICS,POSS: CRACK,SIDEWALK,True,False,2022,33.56551,72.989735
PK-2026009,08/18/2024 05:46:34 AM,Peshawar,Ring Road,BURGLARY,HOME INVASION,RESIDENCE,False,False,2024,34.037947,71.584555
PK-2026010,11/26/2020 11:00:00 AM,Karachi,Saddar,MOTOR VEHICLE THEFT,AUTOMOBILE,STREET,False,False,2020,24.805417,66.992242
PK-2026011,10/11/2024 06:30:00 AM,Quetta,Cantt,BURGLARY,FORCIBLE ENTRY,RESIDENCE-GARAGE,False,False,2024,30.215729,66.969166
PK-2026012,02/20/2021 08:20:00 AM,Faisalabad,Madina Town,BATTERY,SIMPLE,"SCHOOL, PUBLIC, BUILDING",False,False,2021,31.465748,73.094635
PK-2026013,02/15/2020 01:49:09 AM,Karachi,North Nazimabad,BATTERY,AGGRAVATED: HANDGUN,STREET,False,False,2020,24.810511,67.036477
PK-2026014,01/15/2020 04:15:22 PM,Karachi,North Nazimabad,THEFT,OVER $500,DRUG STORE,False,False,2020,24.905529,67.024342
PK-2026015,06/21/2023 03:00:00 PM,Karachi,Liaquatabad,DECEPTIVE PRACTICE,FORGERY,CURRENCY EXCHANGE,False,False,2023,24.911205,66.967592
PK-2026016,12/03/2023 08:15:00 PM,Lahore,Faisal Town,NARCOTICS,POSS: CANNABIS 30GMS OR LESS,SIDEWALK,True,False,2023,31.497029,74.293486
PK-2026017,01/25/2020 10:00:00 PM,Islamabad,F-8,ROBBERY,AGGRAVATED,STREET,False,False,2020,33.657625,73.06956
PK-2026018,11/21/2021 10:56:06 PM,Lahore,Garden Town,BATTERY,AGGRAVATED: OTHER DANG WEAPON,RESIDENCE,False,False,2021,31.586444,74.362141
PK-2026019,10/09/2020 12:45:00 AM,Lahore,Defence (DHA),ROBBERY,ARMED - HANDGUN,STREET,False,False,2020,31.579491,74.316391
PK-2026020,05/19/2024 11:12:19 PM,Rawalpindi,Peshawar Road,BURGLARY,UNLAWFUL ENTRY,RESIDENCE,False,False,2024,33.527243,73.071004
PK-2026021,01/15/2023 12:30:00 AM,Karachi,North Nazimabad,ASSAULT,AGGRAVATED: OTHER DANG WEAPON,TAVERN/LIQUOR STORE,True,True,2023,24.825822,66.959227
PK-2026022,11/04/2020 07:11:00 PM,Lahore,Samanabad,WEAPONS VIOLATION,UNLAWFUL POSSESSION - HANDGUN,PARK PROPERTY,False,False,2020,31.534157,74.33548
PK-2026023,11/09/2024 08:00:00 PM,Lahore,Faisal Town,DECEPTIVE PRACTICE,FRAUD OR CONFIDENCE GAME,RESIDENCE,False,False,2024,31.547843,74.396834
PK-2026024,03/09/2020 04:35:00 PM,Lahore,Iqbal Town,NARCOTICS,POSS: CANNABIS 30GMS OR LESS,STREET,True,False,2020,31.563891,74.333967
PK-2026025,02/22/2021 06:01:10 PM,Faisalabad,Madina Town,CRIMINAL DAMAGE,TO PROPERTY,RESIDENCE,False,False,2021,31.43467,73.151623
PK-2026026,10/17/2025 07:00:00 PM,Karachi,Clifton,CRIMINAL DAMAGE,TO VEHICLE,STREET,False,False,2025,24.856204,66.988811
PK-2026027,08/23/2025 10:20:00 PM,Islamabad,E-11,OTHER OFFENSE,VIOLATE ORDER OF PROTECTION,APARTMENT,True,True,2025,33.714097,73.020806
PK-2026028,01/10/2024 07:32:00 AM,Rawalpindi,Raja Bazaar,BATTERY,SIMPLE,SIDEWALK,False,False,2024,33.509502,73.074977
PK-2026029,03/06/2020 05:45:00 PM,Karachi,Korangi,ASSAULT,SIMPLE,STREET,False,False,2020,24.830992,66.99022
PK-2026030,06/30/2024 04:00:00 PM,Rawalpindi,Committee Chowk,OTHER OFFENSE,OTHER VEHICLE OFFENSE,STREET,False,False,2024,33.590702,73.064192
PK-2026031,10/13/2024 08:10:00 PM,Karachi,North Nazimabad,MOTOR VEHICLE THEFT,ATTEMPT - AUTOMOBILE,STREET,False,False,2024,24.908125,66.968695
PK-2026032,11/29/2023 07:00:00 PM,Karachi,Malir,CRIMINAL DAMAGE,TO PROPERTY,OTHER,False,False,2023,24.862101,66.966673
PK-2026033,12/28/2020 10:56:29 PM,Quetta,Cantt,BATTERY,SIMPLE,RESIDENCE,False,True,2020,30.183654,66.918736
PK-2026034,12/27/2021 10:00:00 PM,Quetta,Cantt,PROSTITUTION,SOLICIT FOR BUSINESS,STREET,True,False,2021,30.132661,66.9932
PK-2026035,08/09/2020 08:30:00 AM,Faisalabad,Jaranwala Road,BURGLARY,FORCIBLE ENTRY,APARTMENT,False,False,2020,31.444089,73.119223
PK-2026036,02/04/2024 12:01:00 AM,Lahore,Gulberg,ROBBERY,ARMED: OTHER DANGEROUS WEAPON,SIDEWALK,False,False,2024,31.553614,74.387323
PK-2026037,06/16/2021 10:30:00 AM,Karachi,Malir,BATTERY,AGGRAVATED: OTHER DANG WEAPON,STREET,False,False,2021,24.829796,66.997885
PK-2026038,08/28/2022 04:47:39 PM,Peshawar,Charsadda Road,CRIMINAL DAMAGE,TO PROPERTY,GAS STATION,False,False,2022,33.987409,71.581083
PK-2026039,04/14/2023 10:00:00 PM,Lahore,Faisal Town,THEFT,FROM BUILDING,APARTMENT,False,False,2023,31.534974,74.305863
PK-2026040,08/16/2021 07:00:00 PM,Karachi,Korangi,BATTERY,SIMPLE,STREET,False,False,2021,24.803109,67.045335
PK-2026041,05/21/2024 08:30:00 AM,Islamabad,F-8,BATTERY,SIMPLE,HOSPITAL BUILDING/GROUNDS,False,True,2024,33.663049,73.081092
PK-2026042,01/21/2020 09:52:29 AM,Karachi,Landhi,ASSAULT,SIMPLE,RESIDENCE,False,True,2020,24.826074,67.033611
PK-2026043,10/12/2024 01:20:00 PM,Hyderabad,Latifabad,THEFT,$500 AND UNDER,BAR OR TAVERN,False,False,2024,25.3753,68.399174
PK-2026044,07/20/2022 07:40:54 AM,Lahore,Shalimar,NARCOTICS,POSS: HEROIN(WHITE),CHA HALLWAY/STAIRWELL/ELEVATOR,True,False,2022,31.504071,74.374923
PK-2026045,11/26/2024 07:30:00 PM,Rawalpindi,Satellite Town,ASSAULT,SIMPLE,RESIDENCE,False,True,2024,33.611963,73.032046
PK-2026046,10/09/2025 02:15:00 AM,Lahore,Garden Town,ROBBERY,ARMED: OTHER DANGEROUS WEAPON,PARK PROPERTY,False,False,2025,31.560931,74.299349
PK-2026047,05/23/2021 05:00:00 PM,Islamabad,Blue Area,BATTERY,SIMPLE,APARTMENT,False,True,2021,33.705892,72.991803
PK-2026048,06/13/2020 12:16:35 PM,Islamabad,Sector F-11,THEFT,$500 AND UNDER,SMALL RETAIL STORE,True,False,2020,33.719101,73.098402
PK-2026049,11/12/2024 10:00:00 AM,Karachi,Malir,ASSAULT,SIMPLE,"SCHOOL, PUBLIC, BUILDING",False,False,2024,24.860513,67.015098
PK-2026050,10/31/2024 05:40:00 PM,Quetta,Satellite Town,NARCOTICS,POSS: CRACK,SIDEWALK,True,False,2024,30.13023,67.010584
PK-2026051,02/19/2025 11:51:00 PM,Faisalabad,D-Ground,BATTERY,SIMPLE,ALLEY,False,False,2025,31.454853,73.132783
PK-2026052,10/01/2021 12:00:00 PM,Hyderabad,Latifabad,THEFT,FINANCIAL ID THEFT: OVER $300,RESIDENCE,False,False,2021,25.406421,68.311877
PK-2026053,01/31/2022 09:35:00 PM,Multan,Cantt,CRIMINAL DAMAGE,TO VEHICLE,STREET,False,False,2022,30.186953,71.479922
PK-2026054,10/12/2020 10:30:59 PM,Rawalpindi,Chaklala,ROBBERY,ARMED: HANDGUN,SIDEWALK,False,False,2020,33.556899,73.039168
PK-2026055,06/10/2024 07:20:42 PM,Hyderabad,City Area,NARCOTICS,POSS: CANNABIS 30GMS OR LESS,PARK PROPERTY,True,False,2024,25.35131,68.349437
PK-2026056,06/18/2025 12:30:00 PM,Karachi,Gulshan-e-Iqbal,THEFT,$500 AND UNDER,STREET,False,False,2025,24.834753,66.965163
PK-2026057,07/02/2020 03:15:00 PM,Karachi,North Nazimabad,THEFT,$500 AND UNDER,SIDEWALK,False,False,2020,24.84427,67.000091
PK-2026058,10/15/2024 08:00:00 AM,Karachi,Gulshan-e-Iqbal,CRIMINAL DAMAGE,TO PROPERTY,APARTMENT,False,False,2024,24.87821,66.948805
PK-2026059,09/30/2020 10:16:00 AM,Lahore,Shalimar,HOMICIDE,FIRST DEGREE MURDER,STREET,False,False,2020,31.558193,74.353437
PK-2026060,09/16/2024 06:28:43 PM,Lahore,Iqbal Town,BATTERY,DOMESTIC BATTERY SIMPLE,APARTMENT,False,True,2024,31.532432,74.315879
PK-2026061,06/02/2021 05:23:11 PM,Lahore,Samanabad,CRIMINAL TRESPASS,TO LAND,RESIDENCE,False,False,2021,31.608082,74.379307
PK-2026062,10/10/2023 03:01:30 PM,Faisalabad,D-Ground,BURGLARY,ATTEMPT FORCIBLE ENTRY,RESIDENCE,False,False,2023,31.463093,73.112243
PK-2026063,12/10/2025 02:10:00 PM,Lahore,Township,THEFT,$500 AND UNDER,"SCHOOL, PUBLIC, BUILDING",False,False,2025,31.518167,74.338226
PK-2026064,06/23/2024 02:00:00 PM,Lahore,Johar Town,THEFT,$500 AND UNDER,OTHER,False,False,2024,31.501914,74.284994
PK-2026065,04/25/2023 09:00:00 PM,Islamabad,Bahria Town,BURGLARY,FORCIBLE ENTRY,MEDICAL/DENTAL OFFICE,False,False,2023,33.642743,72.996594
PK-2026066,12/30/2022 11:45:00 AM,Karachi,Malir,CRIMINAL TRESPASS,TO STATE SUP LAND,CHA PARKING LOT/GROUNDS,True,False,2022,24.830215,66.988199
PK-2026067,12/08/2023 08:42:57 PM,Faisalabad,Peoples Colony,ROBBERY,ARMED: HANDGUN,GAS STATION,True,False,2023,31.409682,73.132593
PK-2026068,04/03/2024 11:00:00 AM,Karachi,Korangi,THEFT,$500 AND UNDER,DEPARTMENT STORE,True,False,2024,24.823088,67.013102
PK-2026069,07/24/2023 02:30:00 AM,Gujranwala,Model Town,CRIMINAL DAMAGE,TO PROPERTY,RESIDENCE,False,False,2023,32.161911,74.1695
PK-2026070,10/06/2022 06:25:00 PM,Faisalabad,Susan Road,NARCOTICS,POSS: CANNABIS 30GMS OR LESS,ALLEY,True,False,2022,31.411205,73.158398
PK-2026071,06/16/2022 09:00:00 AM,Karachi,Clifton,THEFT,$500 AND UNDER,STREET,False,False,2022,24.908312,67.044315
PK-2026072,08/14/2021 07:00:00 AM,Karachi,Liaquatabad,BURGLARY,FORCIBLE ENTRY,RESIDENCE,False,False,2021,24.810328,67.034682
PK-2026073,12/31/2021 10:00:00 PM,Faisalabad,D-Ground,MOTOR VEHICLE THEFT,AUTOMOBILE,RESIDENCE,False,False,2021,31.453341,73.079754
PK-2026074,07/24/2025 01:10:00 PM,Peshawar,Cantt,WEAPONS VIOLATION,UNLAWFUL USE OTHER DANG WEAPON,RESIDENCE PORCH/HALLWAY,True,False,2025,34.004348,71.522561
PK-2026075,03/23/2021 04:47:00 PM,Peshawar,Gulbahar,CRIMINAL DAMAGE,TO STATE SUP PROP,CHA APARTMENT,True,False,2021,34.072985,71.477492
PK-2026076,03/05/2020 12:00:00 PM,Faisalabad,Jaranwala Road,MOTOR VEHICLE THEFT,"THEFT/RECOVERY: TRUCK,BUS,MHOME",STREET,False,False,2020,31.403845,73.104045
PK-2026077,03/21/2024 12:29:34 AM,Karachi,Defence (DHA),ARSON,BY FIRE,VEHICLE NON-COMMERCIAL,False,False,2024,24.848443,67.0595
PK-2026078,08/18/2022 07:00:00 PM,Lahore,Iqbal Town,CRIMINAL DAMAGE,TO PROPERTY,OTHER,False,False,2022,31.606036,74.300699
PK-2026079,03/30/2024 12:00:00 AM,Karachi,Liaquatabad,SEX OFFENSE,CRIMINAL SEXUAL ABUSE,HOTEL/MOTEL,False,False,2024,24.904561,67.000967
PK-2026080,03/27/2023 12:00:00 PM,Multan,Gulgasht Colony,DECEPTIVE PRACTICE,FORGERY,GAS STATION,False,False,2023,30.195549,71.539079
PK-2026081,01/26/2022 12:30:00 PM,Rawalpindi,Raja Bazaar,NARCOTICS,MANU/DELIVER:CRACK,PARK PROPERTY,True,False,2022,33.536048,73.041196
PK-2026082,08/10/2025 01:50:00 PM,Lahore,Model Town,THEFT,$500 AND UNDER,DEPARTMENT STORE,True,False,2025,31.510207,74.350758
PK-2026083,09/03/2023 10:19:21 PM,Karachi,North Nazimabad,BATTERY,SIMPLE,SIDEWALK,False,False,2023,24.880937,66.942273
PK-2026084,01/16/2022 11:15:00 AM,Lahore,Model Town,THEFT,RETAIL THEFT,SMALL RETAIL STORE,True,False,2022,31.601225,74.322775
PK-2026085,10/02/2024 10:00:00 PM,Lahore,Township,MOTOR VEHICLE THEFT,"CYCLE, SCOOTER, BIKE W-VIN",ALLEY,False,False,2024,31.556512,74.345725
PK-2026086,02/05/2020 04:00:00 PM,Peshawar,Ring Road,THEFT,FINANCIAL ID THEFT: OVER $300,RESIDENCE,False,False,2020,34.023694,71.475444
PK-2026087,01/05/2020 04:10:51 AM,Rawalpindi,Westridge,ASSAULT,AGGRAVATED: HANDGUN,OTHER,True,False,2020,33.538697,72.998975
PK-2026088,05/07/2024 03:48:38 PM,Multan,Cantt,BATTERY,SIMPLE,PARK PROPERTY,True,True,2024,30.189839,71.468884
PK-2026089,10/31/2023 12:15:00 PM,Islamabad,I-8,OTHER OFFENSE,OTHER CRIME AGAINST PERSON,RESIDENCE,True,False,2023,33.646845,72.997329
PK-2026090,03/22/2021 08:00:00 PM,Karachi,Nazimabad,CRIMINAL DAMAGE,TO STATE SUP PROP,"SCHOOL, PUBLIC, BUILDING",False,False,2021,24.839542,66.988731
PK-2026091,01/18/2022 02:00:00 AM,Peshawar,Charsadda Road,THEFT,OVER $500,FACTORY/MANUFACTURING BUILDING,False,False,2022,34.006152,71.480826
PK-2026092,04/03/2021 09:00:00 PM,Faisalabad,Peoples Colony,MOTOR VEHICLE THEFT,AUTOMOBILE,STREET,False,False,2021,31.451313,73.143105
PK-2026093,12/02/2023 10:00:00 PM,Islamabad,G-6,CRIM SEXUAL ASSAULT,NON-AGGRAVATED,OTHER,False,False,2023,33.653489,73.070636
PK-2026094,08/12/2023 09:31:15 AM,Faisalabad,Jaranwala Road,CRIMINAL DAMAGE,TO VEHICLE,STREET,True,False,2023,31.40418,73.17107
PK-2026095,06/08/2020 12:06:32 PM,Islamabad,G-6,THEFT,$500 AND UNDER,STREET,False,False,2020,33.697674,73.011918
PK-2026096,06/16/2025 08:00:00 AM,Islamabad,F-10,BATTERY,SIMPLE,RESIDENCE,False,True,2025,33.659036,73.007998
PK-2026097,04/14/2020 02:30:00 AM,Lahore,Iqbal Town,BATTERY,AGGRAVATED: OTHER DANG WEAPON,STREET,False,True,2020,31.559449,74.296148
PK-2026098,07/18/2024 09:00:00 PM,Karachi,Clifton,THEFT,OVER $500,PARKING LOT/GARAGE(NON.RESID.),False,False,2024,24.819224,67.017472
PK-2026099,12/27/2024 12:00:00 AM,Karachi,North Nazimabad,DECEPTIVE PRACTICE,FINANCIAL IDENTITY THEFT OVER $ 300,OTHER (SPECIFY),False,False,2024,24.858437,67.025877
PK-2026100,02/11/2022 01:30:00 PM,Karachi,Liaquatabad,BATTERY,SIMPLE,STREET,False,False,2022,24.864611,66.94489
PK-2026101,01/01/2022 04:04:36 PM,Rawalpindi,Westridge,BATTERY,DOMESTIC BATTERY SIMPLE,RESIDENCE,False,True,2022,33.511319,73.069245
PK-2026102,01/21/2025 01:30:00 PM,Lahore,Faisal Town,THEFT,OVER $500,DEPARTMENT STORE,True,False,2025,31.530093,74.289837
PK-2026103,08/15/2022 08:00:00 PM,Islamabad,E-11,THEFT,$500 AND UNDER,STREET,False,False,2022,33.64053,73.052856
PK-2026104,02/25/2024 02:00:00 PM,Hyderabad,Cantt,BATTERY,SIMPLE,OTHER,False,False,2024,25.343605,68.382887
PK-2026105,04/24/2023 11:00:00 PM,Karachi,Malir,CRIMINAL DAMAGE,TO PROPERTY,STREET,False,False,2023,24.919495,67.045616
PK-2026106,03/17/2024 08:20:00 AM,Lahore,Defence (DHA),THEFT,$500 AND UNDER,STREET,False,False,2024,31.528382,74.36929
PK-2026107,05/13/2023 06:20:00 PM,Peshawar,Gulbahar,THEFT,OVER $500,STREET,False,False,2023,34.052285,71.561107
PK-2026108,10/26/2020 09:29:14 AM,Karachi,Liaquatabad,CRIMINAL DAMAGE,TO CITY OF CHICAGO PROPERTY,"SCHOOL, PUBLIC, BUILDING",False,False,2020,24.831257,66.981834
PK-2026109,05/05/2020 11:10:00 PM,Karachi,Landhi,ASSAULT,SIMPLE,STREET,False,False,2020,24.88248,67.038879
PK-2026110,10/19/2022 08:00:00 PM,Lahore,Gulberg,MOTOR VEHICLE THEFT,AUTOMOBILE,STREET,False,False,2022,31.580927,74.293214
PK-2026111,06/21/2023 10:00:00 PM,Karachi,Saddar,THEFT,$500 AND UNDER,STREET,False,False,2023,24.872177,67.048478
PK-2026112,12/05/2025 08:00:00 PM,Hyderabad,Latifabad,BATTERY,DOMESTIC BATTERY SIMPLE,STREET,False,True,2025,25.392589,68.363511
PK-2026113,01/27/2025 05:07:00 PM,Faisalabad,Peoples Colony,BATTERY,SIMPLE,APARTMENT,True,False,2025,31.439821,73.173076
PK-2026114,03/27/2020 08:45:00 PM,Rawalpindi,Committee Chowk,CRIMINAL DAMAGE,TO PROPERTY,RESIDENCE,False,False,2020,33.546964,73.011178
PK-2026115,07/09/2020 11:41:10 AM,Multan,Bosan Road,ASSAULT,AGGRAVATED:KNIFE/CUTTING INSTR,SIDEWALK,True,True,2020,30.209043,71.542129
PK-2026116,06/13/2025 06:00:00 PM,Faisalabad,Susan Road,THEFT,OVER $500,PARKING LOT/GARAGE(NON.RESID.),False,False,2025,31.490074,73.138168
PK-2026117,04/11/2025 04:00:00 PM,Karachi,Gulshan-e-Iqbal,MOTOR VEHICLE THEFT,AUTOMOBILE,OTHER,False,False,2025,24.916503,67.028891
PK-2026118,01/31/2022 06:40:00 PM,Multan,Bosan Road,THEFT,$500 AND UNDER,BAR OR TAVERN,True,False,2022,30.112416,71.474696
PK-2026119,10/17/2025 10:40:00 PM,Islamabad,E-11,BATTERY,SIMPLE,APARTMENT,False,True,2025,33.712104,72.995142
PK-2026120,08/11/2024 01:35:00 AM,Faisalabad,Susan Road,CRIMINAL DAMAGE,TO VEHICLE,STREET,False,False,2024,31.503001,73.104652
PK-2026121,04/20/2025 07:00:00 PM,Multan,Bosan Road,CRIMINAL DAMAGE,TO VEHICLE,OTHER,False,False,2025,30.119248,71.484045
PK-2026122,02/19/2023 09:00:00 AM,Lahore,Garden Town,DECEPTIVE PRACTICE,FRAUD OR CONFIDENCE GAME,APARTMENT,False,False,2023,31.49768,74.388214
PK-2026123,05/31/2022 04:30:00 PM,Karachi,Korangi,THEFT,$500 AND UNDER,STREET,False,False,2022,24.889634,66.967406
PK-2026124,03/22/2025 10:00:00 PM,Karachi,Liaquatabad,NARCOTICS,SALE/DEL HYPODERMIC NEEDLE,ALLEY,True,False,2025,24.869637,67.058204
PK-2026125,06/18/2023 11:00:00 AM,Lahore,Model Town,MOTOR VEHICLE THEFT,"TRUCK, BUS, MOTOR HOME",STREET,False,False,2023,31.590719,74.324027
PK-2026126,04/04/2025 05:30:00 AM,Faisalabad,D-Ground,BATTERY,SIMPLE,RESIDENCE,False,True,2025,31.407173,73.096854
PK-2026127,11/01/2022 06:00:00 AM,Multan,Cantt,THEFT,$500 AND UNDER,RESIDENCE,False,False,2022,30.192932,71.559664
PK-2026128,08/19/2020 08:45:00 PM,Karachi,Liaquatabad,THEFT,$500 AND UNDER,STREET,False,False,2020,24.824895,67.020145
PK-2026129,04/02/2023 09:00:00 PM,Islamabad,Blue Area,NARCOTICS,POSS: CRACK,STREET,True,False,2023,33.644039,73.047683
PK-2026130,04/03/2022 09:56:23 PM,Lahore,Township,OTHER OFFENSE,FALSE/STOLEN/ALTERED TRP,STREET,True,False,2022,31.509412,74.350244
PK-2026131,03/04/2021 02:00:00 AM,Karachi,Gulshan-e-Iqbal,ROBBERY,ARMED: OTHER DANGEROUS WEAPON,APARTMENT,False,False,2021,24.898449,67.027404
PK-2026132,08/15/2024 10:05:00 PM,Karachi,Korangi,BATTERY,DOMESTIC BATTERY SIMPLE,RESIDENCE,False,True,2024,24.880524,66.968515
PK-2026133,04/24/2020 02:00:00 PM,Lahore,Shalimar,THEFT,OVER $500,COMMERCIAL / BUSINESS OFFICE,False,False,2020,31.552468,74.40316
PK-2026134,09/05/2023 03:00:00 PM,Quetta,Satellite Town,CRIMINAL TRESPASS,TO STATE SUP LAND,CHA APARTMENT,True,False,2023,30.16286,67.031975
PK-2026135,11/19/2020 02:30:00 PM,Lahore,Samanabad,BATTERY,SIMPLE,"SCHOOL, PRIVATE, BUILDING",False,False,2020,31.594964,74.361639
PK-2026136,11/12/2021 04:57:51 PM,Islamabad,F-8,BATTERY,DOMESTIC BATTERY SIMPLE,STREET,False,True,2021,33.671493,73.011845
PK-2026137,07/20/2022 02:00:00 PM,Peshawar,Saddar,BATTERY,SIMPLE,STREET,False,False,2022,34.053092,71.546527
PK-2026138,06/25/2021 04:00:00 PM,Lahore,Garden Town,OTHER OFFENSE,OTHER CRIME INVOLVING PROPERTY,COMMERCIAL / BUSINESS OFFICE,False,False,2021,31.542396,74.292264
PK-2026139,09/02/2025 09:15:00 PM,Gujranwala,Satellite Town,NARCOTICS,POSS: COCAINE,ALLEY,True,False,2025,32.172933,74.138178
PK-2026140,05/25/2021 12:00:00 PM,Quetta,Cantt,THEFT,OVER $500,COMMERCIAL / BUSINESS OFFICE,False,False,2021,30.175322,66.945922
PK-2026141,10/14/2023 03:00:00 PM,Lahore,Iqbal Town,THEFT,OVER $500,STREET,False,False,2023,31.525865,74.339115
PK-2026142,06/28/2023 10:22:27 PM,Islamabad,Sector G-10,BATTERY,SIMPLE,RESIDENCE,False,True,2023,33.714113,73.092093
PK-2026143,11/02/2023 03:40:00 PM,Lahore,Faisal Town,ASSAULT,SIMPLE,RESIDENCE,False,False,2023,31.550026,74.37086
PK-2026144,11/21/2020 08:00:00 PM,Lahore,Defence (DHA),CRIMINAL DAMAGE,TO VEHICLE,STREET,False,False,2020,31.517566,74.372725
PK-2026145,05/06/2021 06:00:00 PM,Karachi,Clifton,CRIMINAL DAMAGE,TO PROPERTY,COMMERCIAL / BUSINESS OFFICE,False,False,2021,24.908649,66.992159
PK-2026146,01/26/2023 06:00:00 PM,Rawalpindi,Raja Bazaar,ASSAULT,SIMPLE,RESIDENCE,False,True,2023,33.551167,72.998412
PK-2026147,06/11/2023 10:59:23 AM,Islamabad,F-10,ASSAULT,PRO EMP HANDS NO/MIN INJURY,"SCHOOL, PUBLIC, BUILDING",False,False,2023,33.689626,73.032425
PK-2026148,11/26/2024 10:50:00 AM,Karachi,Liaquatabad,NARCOTICS,POSS: CANNABIS 30GMS OR LESS,STREET,True,False,2024,24.909477,67.059618
PK-2026149,11/15/2022 09:05:00 AM,Lahore,Garden Town,ASSAULT,SIMPLE,"SCHOOL, PRIVATE, BUILDING",False,False,2022,31.564609,74.288413
PK-2026150,05/17/2021 01:40:04 AM,Hyderabad,Latifabad,PROSTITUTION,SOLICIT ON PUBLIC WAY,STREET,True,False,2021,25.350028,68.401844
PK-2026151,01/10/2023 12:45:00 PM,Karachi,Nazimabad,OTHER OFFENSE,OTHER CRIME INVOLVING PROPERTY,COMMERCIAL / BUSINESS OFFICE,False,False,2023,24.91348,67.010541
PK-2026152,06/19/2024 06:00:00 PM,Karachi,Malir,BURGLARY,FORCIBLE ENTRY,APARTMENT,False,False,2024,24.876025,66.993734
PK-2026153,01/09/2022 03:30:00 PM,Islamabad,G-6,MOTOR VEHICLE THEFT,AUTOMOBILE,STREET,False,False,2022,33.664589,73.074931
PK-2026154,11/12/2025 11:30:00 AM,Gujranwala,Model Town,BURGLARY,FORCIBLE ENTRY,RESIDENCE,False,False,2025,32.144413,74.1929
PK-2026155,07/02/2023 09:00:00 PM,Karachi,Gulshan-e-Iqbal,THEFT,OVER $500,STREET,False,False,2023,24.895983,67.045911
PK-2026156,03/31/2022 08:05:03 PM,Peshawar,Charsadda Road,NARCOTICS,POSS: CANNABIS 30GMS OR LESS,STREET,True,False,2022,34.029509,71.572984
PK-2026157,04/17/2025 07:00:00 PM,Faisalabad,Gulberg,THEFT,OVER $500,COLLEGE/UNIVERSITY GROUNDS,False,False,2025,31.454415,73.125607
PK-2026158,03/28/2023 04:15:00 PM,Karachi,North Nazimabad,ROBBERY,STRONGARM - NO WEAPON,SIDEWALK,False,False,2023,24.907967,66.974319
PK-2026159,12/29/2021 02:00:00 AM,Peshawar,University Town,DECEPTIVE PRACTICE,ATTEMPT - FINANCIAL IDENTITY THEFT,RESIDENCE,False,False,2021,34.049732,71.535982
PK-2026160,05/31/2021 11:40:00 AM,Lahore,Defence (DHA),MOTOR VEHICLE THEFT,AUTOMOBILE,STREET,False,False,2021,31.507901,74.393084
PK-2026161,11/05/2020 07:00:00 PM,Rawalpindi,Satellite Town,ASSAULT,SIMPLE,STREET,False,False,2020,33.542507,72.982179
PK-2026162,04/09/2021 10:00:00 AM,Rawalpindi,Satellite Town,WEAPONS VIOLATION,UNLAWFUL POSS OF HANDGUN,RESIDENCE,True,False,2021,33.534919,73.031656
PK-2026163,11/09/2021 02:15:00 PM,Islamabad,G-6,DECEPTIVE PRACTICE,FINANCIAL IDENTITY THEFT OVER $ 300,,False,False,2021,33.713674,73.063687
PK-2026164,04/30/2021 04:00:00 AM,Karachi,Gulshan-e-Iqbal,BATTERY,SIMPLE,RESIDENCE,False,True,2021,24.804724,67.029074
PK-2026165,09/15/2025 02:35:00 AM,Faisalabad,Susan Road,BURGLARY,FORCIBLE ENTRY,STREET,False,False,2025,31.458787,73.090788
PK-2026166,07/25/2021 12:05:00 PM,Lahore,Johar Town,CRIMINAL TRESPASS,TO STATE SUP LAND,"SCHOOL, PUBLIC, BUILDING",True,False,2021,31.581195,74.369499
PK-2026167,03/17/2020 02:30:00 AM,Karachi,Clifton,CRIMINAL DAMAGE,TO VEHICLE,STREET,False,False,2020,24.905912,67.050184
PK-2026168,05/08/2023 11:10:00 AM,Karachi,Landhi,BATTERY,SIMPLE,RESIDENCE,False,False,2023,24.84175,66.962662
PK-2026169,01/12/2024 04:37:00 PM,Rawalpindi,Committee Chowk,OTHER OFFENSE,HARASSMENT BY TELEPHONE,RESIDENCE,False,False,2024,33.603651,72.985405
PK-2026170,02/18/2021 10:30:00 AM,Peshawar,Saddar,BATTERY,SIMPLE,NURSING HOME/RETIREMENT HOME,False,False,2021,33.968376,71.581467
PK-2026171,09/21/2022 02:00:00 PM,Karachi,Liaquatabad,BATTERY,AGGRAVATED: OTHER DANG WEAPON,STREET,False,True,2022,24.902274,66.962817
PK-2026172,05/28/2022 02:30:00 PM,Islamabad,Sector F-11,THEFT,$500 AND UNDER,STREET,False,False,2022,33.639699,73.090426
PK-2026173,02/11/2020 04:20:00 PM,Karachi,Defence (DHA),CRIMINAL DAMAGE,TO PROPERTY,RESIDENCE,False,True,2020,24.848374,67.000173
PK-2026174,04/21/2021 02:00:00 PM,Rawalpindi,Chaklala,CRIMINAL DAMAGE,TO PROPERTY,DEPARTMENT STORE,False,False,2021,33.600775,72.986568
PK-2026175,03/02/2023 02:30:00 AM,Karachi,Liaquatabad,BATTERY,DOMESTIC BATTERY SIMPLE,APARTMENT,True,True,2023,24.81869,67.04559
PK-2026176,03/02/2024 02:45:00 PM,Peshawar,Cantt,BURGLARY,UNLAWFUL ENTRY,RESIDENCE,False,False,2024,33.98261,71.518337
PK-2026177,04/22/2022 04:15:00 PM,Lahore,Iqbal Town,ROBBERY,ARMED: HANDGUN,GAS STATION,False,False,2022,31.57637,74.345378
PK-2026178,11/08/2024 02:30:00 AM,Hyderabad,Cantt,ASSAULT,AGGRAVATED: HANDGUN,SIDEWALK,True,False,2024,25.422404,68.340908
PK-2026179,05/03/2024 12:00:00 PM,Karachi,Malir,THEFT,OVER $500,STREET,False,False,2024,24.877638,67.012254
PK-2026180,11/12/2022 08:39:23 AM,Lahore,Samanabad,THEFT,$500 AND UNDER,OTHER,True,False,2022,31.572974,74.303223
PK-2026181,06/28/2021 12:15:00 AM,Karachi,Liaquatabad,ROBBERY,AGGRAVATED VEHICULAR HIJACKING,STREET,False,False,2021,24.865827,66.98803
PK-2026182,11/17/2025 02:00:00 PM,Hyderabad,Cantt,THEFT,OVER $500,STREET,True,False,2025,25.366216,68.414129
PK-2026183,07/20/2024 08:39:00 PM,Multan,Cantt,BURGLARY,FORCIBLE ENTRY,RESIDENCE,False,False,2024,30.138984,71.495876
PK-2026184,04/23/2024 10:50:00 AM,Lahore,Defence (DHA),NARCOTICS,ATTEMPT POSSESSION NARCOTICS,CHA PARKING LOT/GROUNDS,True,False,2024,31.511492,74.362408
PK-2026185,01/19/2025 01:00:00 AM,Rawalpindi,Chaklala,BATTERY,AGGRAVATED PO: OTHER DANG WEAP,CHA PARKING LOT/GROUNDS,False,False,2025,33.614114,72.995923
PK-2026186,01/04/2025 12:02:00 AM,Faisalabad,Madina Town,CRIMINAL DAMAGE,TO VEHICLE,STREET,False,True,2025,31.460407,73.167817
PK-2026187,10/01/2025 12:00:00 AM,Islamabad,Bahria Town,DECEPTIVE PRACTICE,FINANCIAL IDENTITY THEFT OVER $ 300,RESIDENCE,False,False,2025,33.672502,73.003605
PK-2026188,02/18/2020 12:00:00 PM,Islamabad,F-8,BATTERY,SIMPLE,APARTMENT,False,True,2020,33.679841,73.104279
PK-2026189,05/07/2023 08:10:00 PM,Karachi,Nazimabad,THEFT,$500 AND UNDER,OTHER,False,False,2023,24.914374,66.995555
PK-2026190,01/06/2025 08:38:01 AM,Karachi,Liaquatabad,CRIMINAL DAMAGE,TO PROPERTY,RESIDENCE PORCH/HALLWAY,False,False,2025,24.819102,66.969426
PK-2026191,01/15/2024 11:59:02 AM,Multan,Gulgasht Colony,NARCOTICS,POSS: HEROIN(WHITE),RESIDENCE,True,False,2024,30.167848,71.47372
PK-2026192,03/19/2023 08:05:00 AM,Hyderabad,Qasimabad,BURGLARY,UNLAWFUL ENTRY,RESIDENCE,False,False,2023,25.396707,68.318171
PK-2026193,10/01/2023 11:00:00 PM,Rawalpindi,Saddar,BURGLARY,FORCIBLE ENTRY,GAS STATION,False,False,2023,33.578475,73.019273
PK-2026194,02/15/2023 12:30:00 AM,Lahore,Gulberg,CRIMINAL DAMAGE,TO PROPERTY,RESIDENCE,False,False,2023,31.491873,74.32404
PK-2026195,03/31/2023 04:21:28 AM,Lahore,Model Town,OTHER OFFENSE,OTHER CRIME AGAINST PERSON,STREET,False,False,2023,31.594355,74.383066
PK-2026196,07/09/2020 02:00:00 PM,Peshawar,Cantt,MOTOR VEHICLE THEFT,AUTOMOBILE,STREET,False,False,2020,34.066954,71.516607
PK-2026197,03/01/2023 11:20:00 PM,Multan,Cantt,CRIMINAL DAMAGE,TO PROPERTY,BAR OR TAVERN,True,False,2023,30.165316,71.494746
PK-2026198,08/10/2025 09:50:00 AM,Multan,Cantt,PROSTITUTION,PATRONIZING A PROSTITUTE,STREET,True,False,2025,30.181098,71.538957
PK-2026199,01/04/2023 06:20:26 PM,Faisalabad,Gulberg,CRIMINAL TRESPASS,TO VEHICLE,STREET,True,False,2023,31.5011,73.159813
PK-2026200,12/18/2020 01:00:00 PM,Rawalpindi,Satellite Town,THEFT,OVER $500,VEHICLE NON-COMMERCIAL,False,False,2020,33.589969,72.976945
PK-2026201,04/11/2021 10:00:00 PM,Karachi,Liaquatabad,PROSTITUTION,SOLICIT FOR BUSINESS,STREET,True,False,2021,24.819005,66.961214
PK-2026202,01/24/2020 02:43:00 PM,Karachi,North Nazimabad,DECEPTIVE PRACTICE,FORGERY,BANK,True,False,2020,24.869855,66.945501
PK-2026203,04/13/2021 09:45:00 PM,Multan,Shah Rukn-e-Alam,NARCOTICS,POSS: CANNABIS 30GMS OR LESS,STREET,True,False,2021,30.170306,71.553268
PK-2026204,08/21/2023 09:30:00 PM,Rawalpindi,Adiala Road,THEFT,$500 AND UNDER,STREET,False,False,2023,33.555996,73.036557
PK-2026205,08/04/2021 03:28:50 AM,Karachi,North Nazimabad,LIQUOR LAW VIOLATION,SELL/GIVE/DEL LIQUOR TO MINOR,TAVERN/LIQUOR STORE,True,False,2021,24.889073,66.998056
PK-2026206,04/03/2020 01:30:00 PM,Karachi,Liaquatabad,BURGLARY,FORCIBLE ENTRY,APARTMENT,False,False,2020,24.912824,67.0424
PK-2026207,03/08/2022 03:41:01 PM,Rawalpindi,Committee Chowk,CRIMINAL TRESPASS,TO STATE SUP LAND,"SCHOOL, PUBLIC, BUILDING",False,False,2022,33.616168,73.05358
PK-2026208,04/05/2024 08:30:00 AM,Karachi,Nazimabad,ASSAULT,SIMPLE,"SCHOOL, PUBLIC, BUILDING",False,False,2024,24.854801,67.011343
PK-2026209,02/22/2020 03:30:00 PM,Karachi,Nazimabad,THEFT,$500 AND UNDER,STREET,False,False,2020,24.814289,67.045293
PK-2026210,10/22/2020 10:45:00 PM,Islamabad,G-6,WEAPONS VIOLATION,UNLAWFUL POSSESSION - HANDGUN,STREET,True,False,2020,33.742581,73.012601
PK-2026211,10/12/2020 12:00:00 PM,Peshawar,Cantt,THEFT,$500 AND UNDER,STREET,False,False,2020,34.055768,71.47833
PK-2026212,10/27/2024 03:30:00 AM,Rawalpindi,Adiala Road,MOTOR VEHICLE THEFT,AUTOMOBILE,STREET,False,False,2024,33.52006,72.98927
PK-2026213,07/05/2021 06:00:00 PM,Karachi,Defence (DHA),THEFT,OVER $500,STREET,False,True,2021,24.911201,66.94795
PK-2026214,02/11/2024 05:38:55 AM,Peshawar,Cantt,CRIMINAL DAMAGE,TO PROPERTY,RESIDENCE,False,False,2024,34.059488,71.52864
PK-2026215,01/24/2020 03:30:00 PM,Karachi,Gulshan-e-Iqbal,BATTERY,AGG: HANDS/FIST/FEET NO/MINOR INJURY,"SCHOOL, PUBLIC, GROUNDS",False,False,2020,24.862961,67.053493
PK-2026216,04/12/2022 02:43:20 PM,Lahore,Gulberg,BATTERY,DOMESTIC BATTERY SIMPLE,RESIDENCE,False,True,2022,31.560653,74.288321
PK-2026217,08/31/2024 01:00:00 PM,Peshawar,Ring Road,THEFT,OVER $500,PARKING LOT/GARAGE(NON.RESID.),False,False,2024,34.00298,71.479553
PK-2026218,03/12/2020 12:30:00 AM,Rawalpindi,Raja Bazaar,ROBBERY,ARMED: OTHER DANGEROUS WEAPON,GROCERY FOOD STORE,False,False,2020,33.511671,73.011164
PK-2026219,10/20/2020 09:30:00 AM,Multan,Bosan Road,THEFT,FROM BUILDING,CHURCH/SYNAGOGUE/PLACE OF WORSHIP,False,False,2020,30.137724,71.576965
PK-2026220,01/21/2021 06:38:29 AM,Rawalpindi,Peshawar Road,BATTERY,SIMPLE,RESIDENCE,False,True,2021,33.601442,72.994839
PK-2026221,02/14/2024 07:00:00 PM,Islamabad,G-6,THEFT,$500 AND UNDER,STREET,False,False,2024,33.624956,73.048768
PK-2026222,07/31/2023 08:00:00 PM,Karachi,Saddar,DECEPTIVE PRACTICE,CREDIT CARD FRAUD,RESIDENCE,False,True,2023,24.84072,66.946089
PK-2026223,11/01/2021 06:45:00 AM,Lahore,Gulberg,CRIMINAL DAMAGE,TO PROPERTY,RESIDENCE,False,False,2021,31.53748,74.301401
PK-2026224,04/08/2025 07:35:51 PM,Lahore,Model Town,DECEPTIVE PRACTICE,THEFT OF LABOR/SERVICES,OTHER,True,False,2025,31.554187,74.401996
PK-2026225,06/18/2022 01:51:09 PM,Karachi,Defence (DHA),BATTERY,SIMPLE,RESIDENCE,False,True,2022,24.911083,67.056914
PK-2026226,01/27/2022 02:04:06 PM,Gujranwala,Civil Lines,ROBBERY,STRONGARM - NO WEAPON,GROCERY FOOD STORE,False,False,2022,32.169262,74.135093
PK-2026227,10/01/2024 05:16:26 PM,Lahore,Gulberg,ASSAULT,SIMPLE,STREET,False,False,2024,31.531334,74.397817
PK-2026228,11/27/2022 11:37:00 AM,Multan,Gulgasht Colony,THEFT,$500 AND UNDER,APARTMENT,False,False,2022,30.186,71.541594
PK-2026229,01/19/2023 11:30:00 AM,Rawalpindi,Chaklala,NARCOTICS,POSS: CRACK,CHA PARKING LOT/GROUNDS,True,False,2023,33.559366,73.06105
PK-2026230,10/14/2020 07:00:00 AM,Faisalabad,Peoples Colony,DECEPTIVE PRACTICE,CREDIT CARD FRAUD,HOSPITAL BUILDING / GROUNDS,False,False,2020,31.417353,73.129569
PK-2026231,11/22/2020 11:36:58 PM,Islamabad,Sector G-10,THEFT,OVER $500,STREET,False,False,2020,33.678693,73.049772
PK-2026232,09/06/2023 06:00:00 PM,Rawalpindi,Adiala Road,GAMBLING,GAME/DICE,RESTAURANT,True,False,2023,33.522003,73.015562
PK-2026233,07/11/2023 07:00:00 AM,Islamabad,F-10,BURGLARY,UNLAWFUL ENTRY,HOSPITAL BUILDING/GROUNDS,True,False,2023,33.645566,73.067924
PK-2026234,02/01/2023 04:45:43 PM,Karachi,Defence (DHA),ASSAULT,SIMPLE,APARTMENT,False,True,2023,24.860504,66.957858
PK-2026235,02/25/2023 02:38:03 PM,Peshawar,Gulbahar,NARCOTICS,MANU/DEL:CANNABIS 10GM OR LESS,SIDEWALK,True,False,2023,34.005371,71.468497
PK-2026236,08/20/2022 07:55:00 PM,Lahore,Iqbal Town,THEFT,$500 AND UNDER,GROCERY FOOD STORE,True,False,2022,31.599482,74.320552
PK-2026237,10/28/2020 06:35:00 PM,Karachi,Landhi,BATTERY,AGGRAVATED: OTHER DANG WEAPON,RESIDENCE,False,False,2020,24.844187,67.025662
PK-2026238,07/16/2021 07:47:30 AM,Rawalpindi,Chaklala,BURGLARY,FORCIBLE ENTRY,FACTORY/MANUFACTURING BUILDING,False,False,2021,33.574771,72.981122
PK-2026239,02/21/2020 11:00:00 PM,Karachi,Gulshan-e-Iqbal,THEFT,$500 AND UNDER,STREET,False,False,2020,24.876572,67.021912
PK-2026240,09/12/2025 11:00:00 AM,Quetta,Sariab Road,MOTOR VEHICLE THEFT,"ATT: TRUCK, BUS, MOTOR HOME",PARKING LOT/GARAGE(NON.RESID.),True,False,2025,30.121371,67.031389
PK-2026241,08/08/2022 07:30:00 AM,Quetta,Cantt,THEFT,OVER $500,STREET,False,False,2022,30.199424,66.926268
PK-2026242,05/19/2025 09:36:16 PM,Hyderabad,Latifabad,ROBBERY,ARMED: HANDGUN,RESIDENCE PORCH/HALLWAY,False,False,2025,25.357364,68.378512
PK-2026243,04/26/2022 07:45:00 AM,Lahore,Garden Town,ROBBERY,STRONGARM - NO WEAPON,RESTAURANT,False,False,2022,31.605028,74.33685
PK-2026244,12/04/2023 03:00:00 PM,Karachi,Saddar,DECEPTIVE PRACTICE,CREDIT CARD FRAUD,STREET,False,False,2023,24.81854,67.045277
PK-2026245,12/10/2025 01:04:00 AM,Hyderabad,Latifabad,THEFT,OVER $500,SMALL RETAIL STORE,True,False,2025,25.385755,68.319058
PK-2026246,01/20/2021 04:15:00 AM,Lahore,Defence (DHA),NARCOTICS,POSS: CRACK,STREET,True,False,2021,31.499942,74.366715
PK-2026247,07/12/2024 06:05:00 PM,Quetta,Satellite Town,NARCOTICS,POSS: CANNABIS 30GMS OR LESS,STREET,True,False,2024,30.239425,67.015574
PK-2026248,01/01/2020 12:00:00 AM,Quetta,Sariab Road,DECEPTIVE PRACTICE,FINANCIAL IDENTITY THEFT $300 AND UNDER,BARBERSHOP,False,False,2020,30.180063,67.028354
PK-2026249,04/30/2021 11:00:00 AM,Multan,Bosan Road,BATTERY,SIMPLE,RESIDENCE,False,False,2021,30.168946,71.54689
PK-2026250,01/07/2024 03:15:00 AM,Lahore,Samanabad,BATTERY,SIMPLE,BAR OR TAVERN,False,False,2024,31.497749,74.343261
PK-2026251,03/18/2022 12:00:00 AM,Lahore,Defence (DHA),MOTOR VEHICLE THEFT,"TRUCK, BUS, MOTOR HOME",RESIDENCE-GARAGE,True,False,2022,31.579695,74.357742
PK-2026252,08/07/2021 11:38:52 AM,Multan,Bosan Road,ROBBERY,ARMED: OTHER DANGEROUS WEAPON,STREET,False,False,2021,30.122689,71.569169
PK-2026253,09/02/2025 10:50:00 PM,Lahore,Model Town,NARCOTICS,POSS: CRACK,STREET,True,False,2025,31.597467,74.352073
PK-2026254,01/01/2024 03:09:52 AM,Karachi,Clifton,ASSAULT,SIMPLE,HOTEL/MOTEL,True,False,2024,24.825317,66.944746
PK-2026255,05/28/2020 03:41:00 PM,Islamabad,E-11,BATTERY,SIMPLE,RESIDENCE,False,False,2020,33.647283,73.099614
PK-2026256,01/13/2024 08:30:00 PM,Hyderabad,Latifabad,BATTERY,SIMPLE,STREET,True,True,2024,25.340386,68.380543
PK-2026257,12/17/2022 07:54:00 PM,Peshawar,Ring Road,CRIMINAL DAMAGE,TO PROPERTY,RESIDENCE,False,False,2022,34.011748,71.546082
PK-2026258,07/02/2025 10:30:00 AM,Rawalpindi,Westridge,THEFT,OVER $500,STREET,False,False,2025,33.572881,72.982781
PK-2026259,06/07/2020 05:04:00 PM,Karachi,Landhi,CRIMINAL TRESPASS,TO LAND,APARTMENT,True,False,2020,24.808585,67.020166
PK-2026260,09/07/2025 04:20:00 PM,Rawalpindi,Westridge,HOMICIDE,FIRST DEGREE MURDER,AUTO,False,False,2025,33.598163,73.004164
PK-2026261,04/21/2022 05:00:00 AM,Gujranwala,Peoples Colony,BATTERY,SIMPLE,RESIDENCE,True,True,2022,32.182095,74.212648
PK-2026262,08/06/2024 01:04:01 PM,Karachi,Liaquatabad,BATTERY,DOMESTIC BATTERY SIMPLE,STREET,True,True,2024,24.863627,66.953891
PK-2026263,09/04/2022 02:30:31 PM,Islamabad,G-6,BATTERY,AGGRAVATED: OTHER DANG WEAPON,ALLEY,False,False,2022,33.677292,73.066841
PK-2026264,09/12/2021 03:30:00 PM,Multan,Gulgasht Colony,DECEPTIVE PRACTICE,CREDIT CARD FRAUD,GROCERY FOOD STORE,False,False,2021,30.145592,71.58483
PK-2026265,10/06/2022 07:00:00 PM,Peshawar,Cantt,THEFT,$500 AND UNDER,STREET,False,False,2022,34.022257,71.470685
PK-2026266,04/08/2021 09:55:00 AM,Peshawar,Saddar,DECEPTIVE PRACTICE,THEFT OF LABOR/SERVICES,CTA PLATFORM,True,False,2021,33.973729,71.582161
PK-2026267,05/28/2024 02:13:44 PM,Peshawar,Cantt,BATTERY,SIMPLE,APARTMENT,False,True,2024,33.976931,71.513729
PK-2026268,09/23/2024 02:00:00 PM,Lahore,Model Town,THEFT,$500 AND UNDER,STREET,False,True,2024,31.593114,74.38809
PK-2026269,05/09/2024 02:50:00 AM,Lahore,Faisal Town,BATTERY,AGGRAVATED: OTHER DANG WEAPON,STREET,False,False,2024,31.603234,74.377486
PK-2026270,06/26/2022 05:15:00 PM,Faisalabad,D-Ground,LIQUOR LAW VIOLATION,SELL/GIVE/DEL LIQUOR TO MINOR,RESTAURANT,True,False,2022,31.435197,73.143042
PK-2026271,08/21/2025 04:30:00 AM,Faisalabad,Susan Road,BATTERY,AGG PO HANDS NO/MIN INJURY,OTHER RAILROAD PROP / TRAIN DEPOT,True,False,2025,31.422889,73.163614
PK-2026272,04/27/2021 02:00:00 PM,Multan,Cantt,BATTERY,SIMPLE,RESIDENCE PORCH/HALLWAY,False,True,2021,30.17478,71.570322
PK-2026273,10/06/2024 05:50:00 PM,Hyderabad,City Area,BURGLARY,FORCIBLE ENTRY,RESIDENCE-GARAGE,False,False,2024,25.385048,68.346297
PK-2026274,05/10/2021 03:50:00 PM,Islamabad,F-8,THEFT,$500 AND UNDER,DEPARTMENT STORE,True,False,2021,33.627446,73.027144
PK-2026275,06/16/2021 11:25:00 PM,Islamabad,F-8,ASSAULT,AGGRAVATED: HANDGUN,RESIDENCE PORCH/HALLWAY,False,False,2021,33.643138,73.068011
PK-2026276,09/01/2023 11:30:00 AM,Faisalabad,Susan Road,NARCOTICS,POSS: CRACK,STREET,True,False,2023,31.476317,73.171942
PK-2026277,03/16/2025 02:30:00 AM,Rawalpindi,Adiala Road,ROBBERY,ARMED: HANDGUN,SIDEWALK,False,False,2025,33.584171,73.048374
PK-2026278,07/25/2021 08:04:46 PM,Peshawar,Gulbahar,DECEPTIVE PRACTICE,STOLEN PROP: BUY/RECEIVE/POS.,GROCERY FOOD STORE,True,False,2021,33.958352,71.560638
PK-2026279,06/21/2021 12:20:08 PM,Faisalabad,Madina Town,NARCOTICS,POSS: CRACK,STREET,True,False,2021,31.417037,73.12727
PK-2026280,12/29/2024 07:00:00 PM,Multan,Model Town,THEFT,$500 AND UNDER,STREET,False,False,2024,30.125229,71.56304
PK-2026281,08/30/2023 02:20:00 PM,Lahore,Gulberg,BATTERY,DOMESTIC BATTERY SIMPLE,RESIDENCE,False,True,2023,31.570327,74.298025
PK-2026282,03/18/2022 11:06:00 PM,Lahore,Johar Town,CRIMINAL DAMAGE,TO PROPERTY,RESTAURANT,False,False,2022,31.492065,74.348939
PK-2026283,01/24/2025 04:00:00 PM,Karachi,Gulshan-e-Iqbal,NARCOTICS,POSS: HEROIN(WHITE),SIDEWALK,True,False,2025,24.813193,66.941791
PK-2026284,11/12/2020 10:08:18 AM,Rawalpindi,Satellite Town,THEFT,OVER $500,RESIDENCE,False,True,2020,33.60109,72.99585
PK-2026285,05/08/2020 10:00:00 PM,Karachi,North Nazimabad,MOTOR VEHICLE THEFT,THEFT/RECOVERY: AUTOMOBILE,STREET,False,False,2020,24.822125,66.985075
PK-2026286,08/01/2022 10:15:00 AM,Lahore,Shalimar,BURGLARY,UNLAWFUL ENTRY,RESIDENCE-GARAGE,False,False,2022,31.56803,74.331141
PK-2026287,07/22/2023 12:59:00 AM,Islamabad,G-9,HOMICIDE,FIRST DEGREE MURDER,STREET,True,False,2023,33.652982,73.071356
PK-2026288,07/15/2022 10:40:00 PM,Lahore,Faisal Town,NARCOTICS,POSS: CANNABIS 30GMS OR LESS,STREET,True,False,2022,31.501633,74.330227
PK-2026289,08/25/2021 03:00:00 PM,Rawalpindi,Chaklala,BATTERY,SIMPLE,RESTAURANT,False,False,2021,33.534281,73.010743
PK-2026290,01/10/2025 03:10:00 PM,Karachi,Nazimabad,THEFT,FROM BUILDING,"SCHOOL, PUBLIC, BUILDING",False,False,2025,24.887372,66.969605
PK-2026291,12/30/2024 05:32:00 AM,Karachi,Nazimabad,THEFT,OVER $500,RESIDENCE,False,False,2024,24.903384,66.98589
PK-2026292,09/04/2022 02:00:00 AM,Faisalabad,Madina Town,WEAPONS VIOLATION,UNLAWFUL POSS OF HANDGUN,ALLEY,True,False,2022,31.490026,73.102272
PK-2026293,02/14/2023 04:00:00 AM,Lahore,Faisal Town,CRIMINAL DAMAGE,TO PROPERTY,APARTMENT,False,False,2023,31.537362,74.292384
PK-2026294,07/25/2025 12:00:00 PM,Karachi,Gulshan-e-Iqbal,THEFT,OVER $500,RESIDENCE,False,False,2025,24.88087,67.013514
PK-2026295,09/04/2022 08:03:46 PM,Islamabad,E-11,BATTERY,SIMPLE,CHA APARTMENT,False,False,2022,33.648998,73.068086
PK-2026296,11/14/2022 01:39:48 AM,Faisalabad,D-Ground,NARCOTICS,MANU/DEL:CANNABIS OVER 10 GMS,STREET,True,False,2022,31.425578,73.149339
PK-2026297,10/24/2020 12:30:00 PM,Karachi,Nazimabad,THEFT,RETAIL THEFT,SMALL RETAIL STORE,False,False,2020,24.90826,66.996719
PK-2026298,01/11/2021 09:10:00 PM,Rawalpindi,Raja Bazaar,HOMICIDE,FIRST DEGREE MURDER,STREET,True,True,2021,33.50666,73.002474
PK-2026299,07/15/2020 12:20:00 AM,Karachi,Korangi,ROBBERY,STRONGARM - NO WEAPON,STREET,False,False,2020,24.810961,67.0447
PK-2026300,11/19/2021 11:30:00 PM,Karachi,North Nazimabad,CRIMINAL DAMAGE,TO VEHICLE,STREET,False,False,2021,24.825646,67.00339
PK-2026301,07/29/2023 06:00:00 PM,Islamabad,Bahria Town,THEFT,OVER $500,STREET,False,False,2023,33.627584,73.045402
PK-2026302,09/20/2021 07:30:00 PM,Islamabad,I-8,MOTOR VEHICLE THEFT,AUTOMOBILE,STREET,False,False,2021,33.646172,72.990977
PK-2026303,01/31/2022 10:20:00 PM,Rawalpindi,Westridge,NARCOTICS,POSS: CANNABIS 30GMS OR LESS,STREET,True,False,2022,33.575065,72.99785
PK-2026304,05/28/2021 07:20:00 PM,Peshawar,Ring Road,ASSAULT,SIMPLE,SIDEWALK,False,False,2021,34.005671,71.510523
PK-2026305,02/28/2023 01:41:15 PM,Gujranwala,Satellite Town,THEFT,OVER $500,GOVERNMENT BUILDING/PROPERTY,True,False,2023,32.234821,74.182359
PK-2026306,04/21/2024 10:21:00 AM,Islamabad,Blue Area,THEFT,RETAIL THEFT,SMALL RETAIL STORE,True,False,2024,33.722493,73.057521
PK-2026307,02/09/2024 10:10:00 AM,Lahore,Samanabad,BATTERY,SIMPLE,RESIDENCE,True,True,2024,31.530718,74.347632
PK-2026308,04/18/2020 11:00:00 PM,Faisalabad,Gulberg,ROBBERY,AGGRAVATED VEHICULAR HIJACKING,STREET,False,False,2020,31.421531,73.147949
PK-2026309,04/04/2023 11:43:51 PM,Lahore,Gulberg,THEFT,$500 AND UNDER,RESTAURANT,False,False,2023,31.535263,74.375386
PK-2026310,02/01/2025 09:27:58 PM,Lahore,Model Town,THEFT,OVER $500,RESIDENCE,False,False,2025,31.560535,74.381158
PK-2026311,11/28/2022 03:00:00 PM,Karachi,Landhi,CRIMINAL DAMAGE,TO PROPERTY,RESIDENCE,False,False,2022,24.832868,67.027275
PK-2026312,11/28/2025 11:30:00 AM,Karachi,Nazimabad,SEX OFFENSE,NON-CONSENSUAL DISSEMINATION OF PRIVATE SEXUAL IMAGES,APARTMENT,False,False,2025,24.875598,67.055763
PK-2026313,10/12/2020 01:30:00 PM,Quetta,Cantt,DECEPTIVE PRACTICE,CREDIT CARD FRAUD,OTHER (SPECIFY),False,False,2020,30.168929,66.917188
PK-2026314,11/20/2025 10:15:00 PM,Faisalabad,Madina Town,CRIMINAL DAMAGE,TO PROPERTY,RESIDENCE,False,True,2025,31.456646,73.098493
PK-2026315,11/26/2020 08:45:00 AM,Peshawar,Cantt,ASSAULT,SIMPLE,APARTMENT,False,True,2020,34.007435,71.465808
PK-2026316,02/14/2023 12:31:43 AM,Lahore,Garden Town,CRIMINAL TRESPASS,TO LAND,RESIDENCE,True,False,2023,31.525036,74.361297
PK-2026317,05/28/2025 03:00:00 AM,Karachi,Korangi,ASSAULT,SIMPLE,RESIDENCE,False,True,2025,24.914514,67.048864
PK-2026318,09/03/2021 12:00:00 PM,Karachi,Clifton,GAMBLING,BOLITA OR BOLI PUL/WRITER,STREET,True,False,2021,24.892333,66.970318
PK-2026319,01/18/2023 02:25:00 AM,Lahore,Township,ARSON,BY FIRE,VEHICLE NON-COMMERCIAL,False,False,2023,31.506514,74.394844
PK-2026320,12/20/2021 04:30:00 PM,Islamabad,G-9,THEFT,FROM BUILDING,COMMERCIAL / BUSINESS OFFICE,False,False,2021,33.728616,72.995132
PK-2026321,06/10/2023 07:50:00 PM,Peshawar,Cantt,ASSAULT,SIMPLE,STREET,False,False,2023,34.013592,71.577032
PK-2026322,04/22/2025 11:37:01 AM,Rawalpindi,Raja Bazaar,BATTERY,SIMPLE,RESIDENCE,False,True,2025,33.612446,72.999095
PK-2026323,07/22/2022 08:15:00 PM,Lahore,Iqbal Town,NARCOTICS,POSS: HEROIN(WHITE),SIDEWALK,True,False,2022,31.585683,74.29577
PK-2026324,12/19/2020 07:00:00 PM,Quetta,Satellite Town,ASSAULT,SIMPLE,COMMERCIAL / BUSINESS OFFICE,False,False,2020,30.170826,66.973305
PK-2026325,07/02/2025 05:37:54 PM,Peshawar,Faqirabad,NARCOTICS,POSS: CANNABIS 30GMS OR LESS,STREET,True,False,2025,33.957796,71.495713
PK-2026326,10/03/2023 12:30:00 AM,Islamabad,Sector G-10,THEFT,OVER $500,CHA APARTMENT,False,True,2023,33.656641,73.022085
PK-2026327,07/10/2023 10:10:00 PM,Rawalpindi,Westridge,BATTERY,AGGRAVATED: HANDGUN,CHA PARKING LOT/GROUNDS,False,False,2023,33.570096,72.993775
PK-2026328,11/11/2023 09:00:00 PM,Lahore,Faisal Town,ASSAULT,SIMPLE,RESIDENCE,False,True,2023,31.565717,74.379963
PK-2026329,07/02/2025 05:15:00 PM,Karachi,Liaquatabad,BATTERY,SIMPLE,GAS STATION,False,False,2025,24.831647,67.005799
PK-2026330,06/12/2020 04:38:07 PM,Lahore,Model Town,BURGLARY,FORCIBLE ENTRY,APARTMENT,False,False,2020,31.506423,74.320957
PK-2026331,07/14/2025 08:45:00 PM,Peshawar,Saddar,BATTERY,DOMESTIC BATTERY SIMPLE,RESIDENCE,False,True,2025,34.055292,71.53814
PK-2026332,11/14/2021 12:51:00 AM,Karachi,Gulshan-e-Iqbal,HOMICIDE,FIRST DEGREE MURDER,ALLEY,False,False,2021,24.918828,67.027038
PK-2026333,09/26/2021 06:00:00 PM,Karachi,Clifton,BURGLARY,FORCIBLE ENTRY,SMALL RETAIL STORE,False,False,2021,24.863783,66.973815
PK-2026334,11/18/2021 07:35:00 PM,Karachi,Korangi,THEFT,$500 AND UNDER,SMALL RETAIL STORE,True,False,2021,24.821302,66.990726
PK-2026335,08/07/2020 06:20:08 PM,Karachi,Gulshan-e-Iqbal,THEFT,$500 AND UNDER,DEPARTMENT STORE,True,False,2020,24.833377,66.955726
PK-2026336,11/25/2021 04:48:51 AM,Multan,Cantt,BURGLARY,FORCIBLE ENTRY,RESTAURANT,False,False,2021,30.099707,71.486638
PK-2026337,06/30/2024 12:45:00 AM,Peshawar,Gulbahar,CRIMINAL DAMAGE,TO VEHICLE,STREET,False,False,2024,34.064816,71.546634
PK-2026338,07/24/2023 10:00:00 PM,Islamabad,Blue Area,THEFT,$500 AND UNDER,STREET,False,False,2023,33.63853,73.009673
PK-2026339,03/28/2025 08:30:00 AM,Karachi,Korangi,CRIMINAL DAMAGE,TO PROPERTY,APARTMENT,False,True,2025,24.869882,67.00412
PK-2026340,09/18/2021 07:42:03 PM,Islamabad,Sector F-11,NARCOTICS,POSS: CANNABIS 30GMS OR LESS,ALLEY,True,False,2021,33.657287,73.072986
PK-2026341,11/26/2024 09:00:00 AM,Islamabad,I-8,OTHER OFFENSE,HARASSMENT BY TELEPHONE,RESIDENCE,False,False,2024,33.690901,73.000725
PK-2026342,12/03/2024 08:55:00 AM,Karachi,Malir,BATTERY,SIMPLE,"SCHOOL, PUBLIC, BUILDING",False,False,2024,24.87887,67.009177
PK-2026343,10/30/2023 03:55:00 PM,Lahore,Defence (DHA),BURGLARY,UNLAWFUL ENTRY,RESIDENCE,True,False,2023,31.589269,74.314388
PK-2026344,03/11/2025 01:00:00 PM,Lahore,Iqbal Town,ASSAULT,SIMPLE,RESIDENCE,False,True,2025,31.514471,74.399151
PK-2026345,04/09/2022 08:30:00 PM,Rawalpindi,Adiala Road,BURGLARY,FORCIBLE ENTRY,RESIDENCE,False,False,2022,33.506419,73.014925
PK-2026346,10/02/2021 08:35:23 PM,Rawalpindi,Westridge,BATTERY,AGGRAVATED: OTHER FIREARM,STREET,False,False,2021,33.521526,73.053619
PK-2026347,01/16/2024 07:00:00 PM,Karachi,Saddar,CRIMINAL DAMAGE,TO VEHICLE,STREET,False,False,2024,24.908702,67.007127
PK-2026348,11/01/2024 06:35:00 AM,Lahore,Gulberg,CRIMINAL DAMAGE,TO VEHICLE,OTHER RAILROAD PROP / TRAIN DEPOT,False,False,2024,31.594567,74.28881
PK-2026349,11/26/2021 06:00:00 PM,Rawalpindi,Peshawar Road,BATTERY,SIMPLE,RESIDENCE,False,True,2021,33.57679,73.032878
PK-2026350,10/28/2020 10:57:00 PM,Islamabad,Blue Area,BATTERY,SIMPLE,SMALL RETAIL STORE,False,False,2020,33.696462,73.102068
PK-2026351,11/20/2020 05:00:00 AM,Multan,Cantt,MOTOR VEHICLE THEFT,AUTOMOBILE,STREET,False,False,2020,30.177304,71.537093
PK-2026352,01/03/2025 02:45:00 AM,Rawalpindi,Saddar,CRIMINAL TRESPASS,TO LAND,PARKING LOT/GARAGE(NON.RESID.),True,False,2025,33.526145,73.055203
PK-2026353,05/01/2025 08:05:00 PM,Karachi,Malir,CRIMINAL DAMAGE,TO VEHICLE,RESIDENCE,False,True,2025,24.910429,67.047205
PK-2026354,04/22/2020 04:30:00 AM,Karachi,Clifton,BATTERY,SIMPLE,RESIDENCE,True,True,2020,24.850952,66.96847
PK-2026355,05/13/2024 02:00:00 AM,Rawalpindi,Westridge,BATTERY,SIMPLE,APARTMENT,True,True,2024,33.551077,72.982345
PK-2026356,03/28/2025 06:07:07 PM,Karachi,Clifton,BATTERY,SIMPLE,STREET,True,True,2025,24.86297,67.014418
PK-2026357,04/24/2021 01:00:00 PM,Rawalpindi,Adiala Road,THEFT,$500 AND UNDER,STREET,False,False,2021,33.510736,73.006223
PK-2026358,03/03/2023 04:35:00 PM,Quetta,Sariab Road,BATTERY,SIMPLE,CTA BUS,True,False,2023,30.139754,67.015783
PK-2026359,06/15/2021 11:25:00 AM,Rawalpindi,Saddar,NARCOTICS,ATTEMPT POSSESSION NARCOTICS,STREET,True,False,2021,33.593664,73.064903
PK-2026360,05/13/2021 05:34:32 PM,Lahore,Gulberg,NARCOTICS,POSS: HEROIN(WHITE),STREET,True,False,2021,31.499636,74.326011
PK-2026361,07/30/2020 07:25:00 AM,Rawalpindi,Satellite Town,BATTERY,DOMESTIC BATTERY SIMPLE,APARTMENT,False,True,2020,33.577478,72.985324
PK-2026362,07/13/2022 05:00:00 PM,Lahore,Johar Town,BURGLARY,UNLAWFUL ENTRY,RESIDENCE,False,False,2022,31.519142,74.377263
PK-2026363,03/05/2021 11:25:00 AM,Islamabad,Sector G-10,OTHER OFFENSE,OTHER VEHICLE OFFENSE,STREET,False,False,2021,33.671115,73.020877
PK-2026364,01/02/2022 12:50:00 PM,Quetta,Cantt,SEX OFFENSE,AGG CRIMINAL SEXUAL ABUSE,ALLEY,True,False,2022,30.154443,67.013714
PK-2026365,10/28/2024 08:20:00 AM,Lahore,Township,THEFT,$500 AND UNDER,OTHER,True,False,2024,31.532381,74.334449
PK-2026366,02/04/2021 11:00:00 AM,Quetta,Satellite Town,CRIMINAL DAMAGE,TO PROPERTY,RESIDENCE,False,False,2021,30.206086,66.995106
PK-2026367,09/07/2024 11:30:00 PM,Hyderabad,Cantt,CRIMINAL DAMAGE,TO PROPERTY,RESIDENCE,False,False,2024,25.371655,68.309264
PK-2026368,09/24/2022 01:00:00 AM,Karachi,Clifton,DECEPTIVE PRACTICE,FORGERY,BANK,False,False,2022,24.868669,67.015963
PK-2026369,11/11/2022 09:40:00 PM,Karachi,Saddar,MOTOR VEHICLE THEFT,AUTOMOBILE,STREET,False,False,2022,24.857826,66.995312
PK-2026370,06/06/2024 10:30:00 PM,Karachi,Korangi,BURGLARY,FORCIBLE ENTRY,RESIDENCE-GARAGE,False,False,2024,24.880341,67.011493
PK-2026371,09/27/2023 04:00:00 PM,Karachi,Malir,THEFT,$500 AND UNDER,PARKING LOT/GARAGE(NON.RESID.),False,False,2023,24.91312,66.961262
PK-2026372,10/20/2021 02:30:00 AM,Karachi,Saddar,BATTERY,SIMPLE,SIDEWALK,True,False,2021,24.888609,67.029525
PK-2026373,09/20/2020 09:15:00 AM,Peshawar,Charsadda Road,THEFT,$500 AND UNDER,RESIDENCE PORCH/HALLWAY,False,False,2020,33.980893,71.568436
PK-2026374,03/05/2025 10:25:00 PM,Karachi,North Nazimabad,THEFT,$500 AND UNDER,DRUG STORE,True,False,2025,24.804442,66.967109
PK-2026375,10/10/2022 12:10:00 AM,Lahore,Defence (DHA),BATTERY,AGGRAVATED: OTHER DANG WEAPON,APARTMENT,False,True,2022,31.521172,74.295086
PK-2026376,11/16/2023 12:01:00 AM,Multan,Cantt,OFFENSE INVOLVING CHILDREN,AGGRAVATED SEXUAL ASSAULT OF CHILD BY FAMILY MEMBER,APARTMENT,False,True,2023,30.168909,71.467737
PK-2026377,03/23/2025 08:30:00 PM,Karachi,Malir,THEFT,OVER $500,CONSTRUCTION SITE,False,False,2025,24.806871,67.018137
PK-2026378,09/23/2024 06:00:00 PM,Faisalabad,Susan Road,MOTOR VEHICLE THEFT,AUTOMOBILE,DRIVEWAY - RESIDENTIAL,False,False,2024,31.449964,73.147851
PK-2026379,08/28/2024 02:23:00 AM,Lahore,Shalimar,BURGLARY,FORCIBLE ENTRY,RESIDENCE,True,False,2024,31.561321,74.349204
PK-2026380,03/22/2023 03:00:00 PM,Karachi,Nazimabad,BURGLARY,FORCIBLE ENTRY,APARTMENT,False,False,2023,24.840809,66.968934
PK-2026381,12/07/2024 07:45:00 AM,Peshawar,Gulbahar,BURGLARY,UNLAWFUL ENTRY,APARTMENT,False,False,2024,34.047609,71.511809
PK-2026382,06/12/2021 10:19:47 PM,Rawalpindi,Chaklala,BATTERY,SIMPLE,STREET,False,False,2021,33.517892,73.028237
PK-2026383,01/23/2024 06:40:00 PM,Multan,Gulgasht Colony,THEFT,$500 AND UNDER,GROCERY FOOD STORE,True,False,2024,30.106517,71.524512
PK-2026384,05/07/2021 07:45:00 PM,Peshawar,Gulbahar,NARCOTICS,POSS: CANNABIS 30GMS OR LESS,STREET,True,False,2021,34.042483,71.583434
PK-2026385,11/15/2024 12:00:00 PM,Faisalabad,Jaranwala Road,DECEPTIVE PRACTICE,BOGUS CHECK,COMMERCIAL / BUSINESS OFFICE,False,False,2024,31.449859,73.091373
PK-2026386,12/09/2024 06:50:00 AM,Lahore,Model Town,ROBBERY,AGGRAVATED VEHICULAR HIJACKING,CAR WASH,False,False,2024,31.572308,74.367017
PK-2026387,02/06/2020 02:30:00 PM,Karachi,Clifton,BATTERY,SIMPLE,OTHER,False,False,2020,24.852879,66.989618
PK-2026388,09/30/2023 10:25:00 PM,Peshawar,Charsadda Road,PROSTITUTION,SOLICIT ON PUBLIC WAY,STREET,True,False,2023,33.984668,71.516284
PK-2026389,08/19/2021 02:00:00 AM,Faisalabad,Jaranwala Road,MOTOR VEHICLE THEFT,AUTOMOBILE,STREET,False,False,2021,31.488692,73.161112
PK-2026390,05/01/2024 05:00:00 AM,Gujranwala,Satellite Town,CRIMINAL DAMAGE,TO VEHICLE,"SCHOOL, PUBLIC, BUILDING",False,False,2024,32.22363,74.217592
PK-2026391,04/28/2020 06:15:00 PM,Lahore,Iqbal Town,MOTOR VEHICLE THEFT,AUTOMOBILE,PARKING LOT/GARAGE(NON.RESID.),False,False,2020,31.573064,74.402551
PK-2026392,10/18/2021 05:15:00 PM,Lahore,Johar Town,THEFT,OVER $500,RESIDENCE,True,True,2021,31.522357,74.299007
PK-2026393,06/12/2021 10:58:59 PM,Faisalabad,D-Ground,BATTERY,AGGRAVATED: OTHER DANG WEAPON,STREET,False,False,2021,31.461228,73.087493
PK-2026394,04/27/2021 06:32:00 PM,Lahore,Gulberg,CRIMINAL TRESPASS,TO STATE SUP LAND,CHA HALLWAY/STAIRWELL/ELEVATOR,True,False,2021,31.533017,74.370521
PK-2026395,03/01/2023 09:20:00 AM,Hyderabad,Cantt,CRIMINAL DAMAGE,TO VEHICLE,STREET,False,False,2023,25.34699,68.367206
PK-2026396,06/02/2024 12:00:00 AM,Multan,Cantt,BURGLARY,FORCIBLE ENTRY,RESIDENCE-GARAGE,False,False,2024,30.207578,71.497799
PK-2026397,02/13/2025 06:00:00 PM,Lahore,Samanabad,THEFT,$500 AND UNDER,PARKING LOT/GARAGE(NON.RESID.),False,False,2025,31.506118,74.29313
PK-2026398,09/27/2020 08:00:00 PM,Peshawar,Cantt,MOTOR VEHICLE THEFT,AUTOMOBILE,STREET,False,False,2020,34.069128,71.475179
PK-2026399,06/08/2024 01:48:50 PM,Peshawar,Cantt,CRIMINAL DAMAGE,TO VEHICLE,STREET,False,True,2024,34.008621,71.572203
PK-2026400,02/01/2020 06:41:07 PM,Karachi,Landhi,ASSAULT,SIMPLE,SIDEWALK,False,False,2020,24.822916,66.964124
PK-2026401,12/23/2022 09:00:00 AM,Hyderabad,City Area,DECEPTIVE PRACTICE,FINANCIAL IDENTITY THEFT OVER $ 300,APARTMENT,False,False,2022,25.401028,68.336605
PK-2026402,11/07/2025 12:00:00 AM,Islamabad,Blue Area,CRIMINAL DAMAGE,TO PROPERTY,RESIDENCE-GARAGE,False,False,2025,33.729154,73.015099
PK-2026403,01/30/2024 04:35:00 PM,Faisalabad,Peoples Colony,CRIMINAL DAMAGE,TO VEHICLE,STREET,False,True,2024,31.478267,73.1176
PK-2026404,12/02/2024 02:00:00 PM,Lahore,Defence (DHA),THEFT,OVER $500,STREET,False,False,2024,31.586487,74.291931
PK-2026405,02/20/2024 07:00:00 PM,Multan,Cantt,MOTOR VEHICLE THEFT,AUTOMOBILE,PARKING LOT/GARAGE(NON.RESID.),False,False,2024,30.176554,71.527187
PK-2026406,04/29/2023 01:00:00 AM,Lahore,Defence (DHA),BATTERY,SIMPLE,APARTMENT,False,True,2023,31.572773,74.291714
PK-2026407,02/25/2020 07:00:00 AM,Karachi,Defence (DHA),CRIMINAL DAMAGE,TO VEHICLE,STREET,False,False,2020,24.902603,67.037143
PK-2026408,06/01/2024 03:30:00 AM,Hyderabad,City Area,THEFT,OVER $500,RESIDENCE,False,True,2024,25.36596,68.325845
PK-2026409,05/16/2020 07:34:46 PM,Karachi,Korangi,WEAPONS VIOLATION,UNLAWFUL USE HANDGUN,STREET,True,False,2020,24.859431,67.005901
PK-2026410,07/15/2021 02:40:00 AM,Lahore,Gulberg,BATTERY,SIMPLE,STREET,False,True,2021,31.516245,74.389209
PK-2026411,08/16/2021 12:00:00 AM,Quetta,Jinnah Town,BATTERY,SIMPLE,STREET,False,False,2021,30.23832,66.993105
PK-2026412,11/23/2022 01:20:00 AM,Quetta,Jinnah Town,MOTOR VEHICLE THEFT,AUTOMOBILE,STREET,False,False,2022,30.233087,66.978955
PK-2026413,03/03/2020 08:30:00 AM,Rawalpindi,Peshawar Road,THEFT,$500 AND UNDER,STREET,False,False,2020,33.509831,72.99582
PK-2026414,08/25/2020 12:40:00 PM,Rawalpindi,Raja Bazaar,ROBBERY,AGGRAVATED,BANK,False,False,2020,33.589769,72.99686
PK-2026415,09/21/2024 03:20:00 PM,Lahore,Model Town,NARCOTICS,POSS: CANNABIS 30GMS OR LESS,CHA PARKING LOT/GROUNDS,True,False,2024,31.60073,74.363938
PK-2026416,02/01/2023 09:00:00 AM,Lahore,Gulberg,MOTOR VEHICLE THEFT,AUTOMOBILE,PARK PROPERTY,False,False,2023,31.511369,74.402897
PK-2026417,11/18/2024 09:42:26 AM,Lahore,Iqbal Town,BATTERY,SIMPLE,STREET,True,False,2024,31.557853,74.363021
PK-2026418,09/19/2020 08:53:00 PM,Peshawar,Gulbahar,BATTERY,DOMESTIC BATTERY SIMPLE,APARTMENT,False,True,2020,34.064959,71.531834
PK-2026419,11/14/2020 04:13:27 PM,Peshawar,Saddar,NARCOTICS,POSS: CANNABIS 30GMS OR LESS,SIDEWALK,True,False,2020,33.959174,71.552578
PK-2026420,03/07/2023 11:05:00 AM,Faisalabad,Madina Town,BATTERY,SIMPLE,"SCHOOL, PUBLIC, BUILDING",False,False,2023,31.47409,73.130825
PK-2026421,08/15/2022 07:23:27 PM,Faisalabad,Madina Town,ASSAULT,SIMPLE,GOVERNMENT BUILDING/PROPERTY,False,False,2022,31.426082,73.082217
PK-2026422,09/19/2024 09:30:00 PM,Karachi,Nazimabad,BATTERY,SIMPLE,APARTMENT,False,True,2024,24.911628,67.008576
PK-2026423,01/13/2024 02:20:10 PM,Islamabad,E-11,CRIMINAL TRESPASS,TO STATE SUP LAND,CHA PARKING LOT/GROUNDS,True,False,2024,33.740927,73.102815
PK-2026424,09/13/2024 10:45:00 PM,Karachi,Malir,BATTERY,SIMPLE,RESIDENCE,False,True,2024,24.914012,66.962136
PK-2026425,02/01/2024 07:39:00 PM,Islamabad,Bahria Town,NARCOTICS,POSS: CANNABIS 30GMS OR LESS,ALLEY,True,False,2024,33.681306,73.070701
PK-2026426,07/20/2021 07:20:00 PM,Lahore,Shalimar,THEFT,OVER $500,DEPARTMENT STORE,False,False,2021,31.593145,74.307712
PK-2026427,12/11/2025 04:09:00 AM,Multan,Model Town,HOMICIDE,FIRST DEGREE MURDER,STREET,True,False,2025,30.198846,71.529199
PK-2026428,10/13/2022 10:30:00 PM,Lahore,Garden Town,CRIMINAL DAMAGE,TO PROPERTY,APARTMENT,False,True,2022,31.527992,74.295201
PK-2026429,07/17/2023 08:39:03 AM,Karachi,Gulshan-e-Iqbal,ROBBERY,ARMED:KNIFE/CUTTING INSTRUMENT,RESIDENCE-GARAGE,False,False,2023,24.90017,66.995145
PK-2026430,03/08/2024 08:30:00 AM,Karachi,Defence (DHA),THEFT,OVER $500,RESIDENCE-GARAGE,False,False,2024,24.805141,67.03184
PK-2026431,02/09/2024 10:51:11 PM,Faisalabad,Susan Road,ROBBERY,ARMED: HANDGUN,STREET,False,False,2024,31.461952,73.116709
PK-2026432,12/15/2023 06:28:14 PM,Rawalpindi,Chaklala,WEAPONS VIOLATION,UNLAWFUL POSS OF HANDGUN,RESIDENCE,True,False,2023,33.532701,73.036689
PK-2026433,06/25/2024 09:00:00 AM,Karachi,Korangi,THEFT,OVER $500,RESIDENCE-GARAGE,False,False,2024,24.815168,67.036554
PK-2026434,08/13/2021 10:59:21 PM,Karachi,Saddar,NARCOTICS,MANU/DELIVER: HEROIN (WHITE),STREET,True,False,2021,24.809934,67.052361
PK-2026435,10/20/2025 08:00:00 AM,Peshawar,Ring Road,BURGLARY,FORCIBLE ENTRY,RESIDENCE,False,False,2025,34.038655,71.493057
PK-2026436,02/15/2024 04:45:00 PM,Karachi,Saddar,ASSAULT,SIMPLE,APARTMENT,False,False,2024,24.841485,66.989018
PK-2026437,05/06/2022 10:04:00 PM,Faisalabad,Susan Road,BATTERY,SIMPLE,SIDEWALK,True,False,2022,31.477372,73.09329
PK-2026438,04/14/2024 11:51:36 AM,Peshawar,Cantt,BATTERY,SIMPLE,RESIDENCE,False,True,2024,33.962943,71.583998
PK-2026439,03/21/2021 08:00:00 AM,Karachi,Malir,DECEPTIVE PRACTICE,FRAUD OR CONFIDENCE GAME,DEPARTMENT STORE,True,False,2021,24.838535,67.05234
PK-2026440,11/01/2023 11:16:00 AM,Karachi,Defence (DHA),ASSAULT,SIMPLE,APARTMENT,False,True,2023,24.865439,67.005895
PK-2026441,07/24/2021 12:05:00 PM,Gujranwala,Model Town,OTHER OFFENSE,HARASSMENT BY TELEPHONE,RESIDENCE,False,False,2021,32.222587,74.235544
PK-2026442,10/13/2023 09:00:00 PM,Lahore,Township,CRIMINAL DAMAGE,TO PROPERTY,STREET,False,False,2023,31.52795,74.346115
PK-2026443,08/24/2020 04:45:00 AM,Lahore,Faisal Town,CRIMINAL DAMAGE,TO PROPERTY,HOTEL/MOTEL,True,False,2020,31.564807,74.35843
PK-2026444,07/23/2023 11:00:00 AM,Faisalabad,Gulberg,ASSAULT,SIMPLE,STREET,False,False,2023,31.496717,73.085695
PK-2026445,03/18/2023 10:50:26 AM,Quetta,Cantt,ASSAULT,AGGRAVATED: OTHER DANG WEAPON,RESIDENCE,False,False,2023,30.193704,67.005632
PK-2026446,01/27/2022 07:50:00 PM,Gujranwala,Civil Lines,THEFT,RETAIL THEFT,DEPARTMENT STORE,False,False,2022,32.155655,74.149826
PK-2026447,09/05/2020 06:50:00 PM,Peshawar,Saddar,ASSAULT,SIMPLE,APARTMENT,False,True,2020,33.958028,71.564028
PK-2026448,03/04/2025 08:50:00 AM,Lahore,Shalimar,DECEPTIVE PRACTICE,THEFT OF LABOR/SERVICES,OTHER,True,False,2025,31.594112,74.377443
PK-2026449,06/23/2021 11:00:00 PM,Karachi,Malir,THEFT,$500 AND UNDER,STREET,False,False,2021,24.803252,67.026149
PK-2026450,09/23/2023 09:16:33 AM,Faisalabad,Jaranwala Road,BURGLARY,UNLAWFUL ENTRY,RESIDENCE,False,False,2023,31.495364,73.079339
PK-2026451,06/30/2020 12:55:00 AM,Islamabad,Blue Area,MOTOR VEHICLE THEFT,AUTOMOBILE,ALLEY,False,False,2020,33.687872,73.024275
PK-2026452,02/21/2021 10:00:00 PM,Lahore,Garden Town,BATTERY,SIMPLE,STREET,True,True,2021,31.602388,74.315174
PK-2026453,04/24/2025 09:00:47 AM,Hyderabad,Qasimabad,BATTERY,SIMPLE,STREET,False,False,2025,25.431854,68.341016
PK-2026454,03/06/2022 12:00:00 AM,Karachi,North Nazimabad,OTHER OFFENSE,OTHER VEHICLE OFFENSE,STREET,False,True,2022,24.920452,66.951617
PK-2026455,11/25/2020 01:45:00 PM,Islamabad,E-11,THEFT,$500 AND UNDER,STREET,False,False,2020,33.666485,73.100335
PK-2026456,11/22/2021 02:07:00 AM,Karachi,Defence (DHA),CRIMINAL DAMAGE,TO PROPERTY,FACTORY/MANUFACTURING BUILDING,True,False,2021,24.892763,67.007556
PK-2026457,08/20/2025 01:55:15 PM,Lahore,Johar Town,MOTOR VEHICLE THEFT,THEFT/RECOVERY: AUTOMOBILE,STREET,True,False,2025,31.537932,74.320263
PK-2026458,03/17/2025 10:56:00 PM,Karachi,Nazimabad,HOMICIDE,FIRST DEGREE MURDER,STREET,False,False,2025,24.858285,66.988738
PK-2026459,09/20/2025 10:00:00 AM,Karachi,Nazimabad,OTHER OFFENSE,HARASSMENT BY TELEPHONE,RESIDENCE,False,False,2025,24.876001,66.994764
PK-2026460,08/03/2022 08:50:00 PM,Karachi,Korangi,CRIMINAL DAMAGE,TO VEHICLE,VEHICLE-COMMERCIAL,False,False,2022,24.905541,67.013171
PK-2026461,03/28/2021 12:00:00 AM,Rawalpindi,Peshawar Road,OTHER OFFENSE,HARASSMENT BY TELEPHONE,RESIDENCE,False,False,2021,33.62319,73.018782
PK-2026462,10/06/2022 12:00:00 AM,Peshawar,University Town,ROBBERY,STRONGARM - NO WEAPON,ALLEY,False,False,2022,34.047293,71.575227
PK-2026463,03/02/2021 04:25:00 PM,Rawalpindi,Westridge,BATTERY,SIMPLE,ALLEY,False,False,2021,33.555232,73.016536
PK-2026464,01/15/2023 06:00:00 PM,Quetta,Jinnah Town,OTHER OFFENSE,HARASSMENT BY TELEPHONE,RESIDENCE,False,False,2023,30.170363,67.034059
PK-2026465,12/21/2021 09:00:00 AM,Lahore,Defence (DHA),THEFT,FROM BUILDING,RESTAURANT,False,False,2021,31.57821,74.385771
PK-2026466,04/16/2025 05:30:00 PM,Lahore,Shalimar,OTHER OFFENSE,TELEPHONE THREAT,APARTMENT,False,False,2025,31.518353,74.308621
PK-2026467,11/03/2020 03:40:00 PM,Multan,Model Town,THEFT,RETAIL THEFT,SMALL RETAIL STORE,False,False,2020,30.110757,71.576571
PK-2026468,01/31/2023 08:55:00 AM,Karachi,Nazimabad,BATTERY,DOMESTIC BATTERY SIMPLE,APARTMENT,False,True,2023,24.843255,66.955064
PK-2026469,07/23/2023 12:00:00 AM,Quetta,Jinnah Town,THEFT,$500 AND UNDER,RESIDENCE,False,True,2023,30.154269,67.013094
PK-2026470,11/02/2021 01:25:00 AM,Karachi,Landhi,MOTOR VEHICLE THEFT,ATTEMPT - AUTOMOBILE,STREET,False,False,2021,24.836257,66.986775
PK-2026471,11/26/2025 11:30:00 AM,Quetta,Sariab Road,BURGLARY,FORCIBLE ENTRY,APARTMENT,False,False,2025,30.147833,67.020357
PK-2026472,06/20/2021 03:00:00 PM,Karachi,Landhi,DECEPTIVE PRACTICE,BOGUS CHECK,BANK,False,False,2021,24.805751,67.045267
PK-2026473,10/28/2021 09:00:00 AM,Multan,Gulgasht Colony,BURGLARY,FORCIBLE ENTRY,RESIDENCE,False,False,2021,30.099645,71.561611
PK-2026474,10/10/2025 02:40:00 AM,Islamabad,Sector G-10,CRIMINAL TRESPASS,TO LAND,RESIDENCE-GARAGE,True,False,2025,33.742927,73.082704
PK-2026475,05/18/2023 06:15:00 PM,Gujranwala,Peoples Colony,DECEPTIVE PRACTICE,FRAUD OR CONFIDENCE GAME,PARKING LOT/GARAGE(NON.RESID.),False,False,2023,32.179033,74.171061
PK-2026476,03/10/2024 10:13:20 PM,Karachi,Clifton,CRIMINAL DAMAGE,TO CITY OF CHICAGO PROPERTY,ALLEY,True,False,2024,24.846819,66.95081
PK-2026477,08/14/2023 10:14:57 PM,Islamabad,G-9,BATTERY,SIMPLE,RESIDENCE,False,True,2023,33.705958,73.036258
PK-2026478,11/25/2022 02:30:00 AM,Quetta,Jinnah Town,BATTERY,DOMESTIC BATTERY SIMPLE,APARTMENT,False,True,2022,30.14599,66.935823
PK-2026479,04/03/2023 07:00:00 PM,Islamabad,Sector G-10,THEFT,OVER $500,STREET,False,False,2023,33.738395,73.071294
PK-2026480,01/03/2021 06:24:00 PM,Rawalpindi,Raja Bazaar,ASSAULT,SIMPLE,RESTAURANT,False,False,2021,33.599461,72.998432
PK-2026481,05/29/2022 11:02:37 AM,Peshawar,Hayatabad,NARCOTICS,POSS: HEROIN(WHITE),ALLEY,True,False,2022,33.965829,71.581973
PK-2026482,04/23/2022 04:30:00 PM,Lahore,Defence (DHA),BATTERY,SIMPLE,"SCHOOL, PUBLIC, GROUNDS",True,False,2022,31.53981,74.360517
PK-2026483,08/02/2020 08:01:00 AM,Rawalpindi,Westridge,ASSAULT,SIMPLE,RESIDENCE,False,True,2020,33.610594,73.055598
PK-2026484,08/18/2025 02:51:50 PM,Rawalpindi,Chaklala,NARCOTICS,POSS: CRACK,CHA PARKING LOT/GROUNDS,True,False,2025,33.618468,72.972803
PK-2026485,12/08/2022 07:00:00 AM,Hyderabad,Qasimabad,BURGLARY,FORCIBLE ENTRY,RESIDENCE,False,False,2022,25.392088,68.401242
PK-2026486,09/10/2020 07:30:00 PM,Karachi,Clifton,THEFT,RETAIL THEFT,DEPARTMENT STORE,True,False,2020,24.874309,67.051831
PK-2026487,09/14/2022 01:10:00 PM,Lahore,Model Town,ROBBERY,STRONGARM - NO WEAPON,ALLEY,False,False,2022,31.509744,74.342047
PK-2026488,10/02/2024 11:55:00 PM,Quetta,Cantt,BATTERY,SIMPLE,ALLEY,False,False,2024,30.23874,66.98775
PK-2026489,07/31/2023 07:30:00 PM,Multan,Gulgasht Colony,THEFT,OVER $500,DEPARTMENT STORE,True,False,2023,30.125301,71.556677
PK-2026490,02/15/2023 10:00:00 PM,Lahore,Samanabad,OTHER OFFENSE,OTHER CRIME INVOLVING PROPERTY,PARKING LOT/GARAGE(NON.RESID.),False,True,2023,31.602828,74.304581
PK-2026491,09/29/2025 03:00:09 AM,Rawalpindi,Satellite Town,BATTERY,SIMPLE,RESIDENCE,False,True,2025,33.583058,73.017208
PK-2026492,06/15/2020 10:00:00 PM,Lahore,Samanabad,MOTOR VEHICLE THEFT,THEFT/RECOVERY: AUTOMOBILE,STREET,False,False,2020,31.562628,74.33144
PK-2026493,05/17/2023 11:10:00 PM,Karachi,Defence (DHA),NARCOTICS,POSS: PCP,ALLEY,True,False,2023,24.862223,66.958665
PK-2026494,02/09/2022 09:00:00 PM,Lahore,Faisal Town,NARCOTICS,POSS: CRACK,SIDEWALK,True,False,2022,31.51738,74.327704
PK-2026495,12/19/2024 08:00:00 AM,Lahore,Defence (DHA),MOTOR VEHICLE THEFT,AUTOMOBILE,STREET,False,False,2024,31.510883,74.291781
PK-2026496,06/02/2024 11:00:00 PM,Rawalpindi,Peshawar Road,BATTERY,SIMPLE,PARKING LOT/GARAGE(NON.RESID.),False,True,2024,33.531558,72.959997
PK-2026497,01/14/2022 10:35:00 PM,Karachi,Landhi,ASSAULT,AGGRAVATED: OTHER DANG WEAPON,SIDEWALK,True,True,2022,24.823073,66.95732
PK-2026498,01/08/2024 08:00:00 AM,Gujranwala,Peoples Colony,BATTERY,SIMPLE,"SCHOOL, PUBLIC, BUILDING",True,False,2024,32.22125,74.250074
PK-2026499,12/11/2020 03:00:00 AM,Gujranwala,Satellite Town,CRIMINAL DAMAGE,TO PROPERTY,STREET,False,False,2020,32.169715,74.200444
PK-2026500,12/08/2020 09:29:50 PM,Peshawar,Gulbahar,BATTERY,SIMPLE,STREET,True,True,2020,33.962041,71.580799
PK-2026501,01/23/2021 11:00:00 PM,Islamabad,F-8,CRIMINAL TRESPASS,TO LAND,OTHER,True,False,2021,33.740692,73.0398
PK-2026502,09/10/2020 09:00:00 AM,Lahore,Gulberg,BATTERY,DOMESTIC BATTERY SIMPLE,PARK PROPERTY,False,True,2020,31.595754,74.321018
PK-2026503,04/25/2020 08:00:00 AM,Faisalabad,Jaranwala Road,BATTERY,SIMPLE,STREET,True,True,2020,31.50173,73.135737
PK-2026504,01/05/2022 08:00:00 AM,Peshawar,Cantt,ASSAULT,SIMPLE,RESIDENCE,False,True,2022,34.074489,71.517641
PK-2026505,01/06/2022 11:20:00 AM,Karachi,Clifton,THEFT,$500 AND UNDER,DEPARTMENT STORE,True,False,2022,24.821567,66.95378
PK-2026506,11/11/2020 02:07:00 PM,Hyderabad,Cantt,NARCOTICS,POSS: CANNABIS 30GMS OR LESS,STREET,True,False,2020,25.383549,68.374699
PK-2026507,03/27/2021 11:45:00 AM,Faisalabad,Madina Town,CRIMINAL TRESPASS,TO LAND,GROCERY FOOD STORE,True,False,2021,31.481389,73.100925
PK-2026508,07/20/2022 08:40:00 PM,Quetta,Satellite Town,THEFT,$500 AND UNDER,DRUG STORE,True,False,2022,30.203322,66.989351
PK-2026509,10/13/2021 12:00:00 AM,Peshawar,Hayatabad,THEFT,$500 AND UNDER,SIDEWALK,False,False,2021,33.973568,71.542924
PK-2026510,01/10/2023 10:45:00 PM,Rawalpindi,Adiala Road,NARCOTICS,POSS: CRACK,STREET,True,False,2023,33.603,72.975143
PK-2026511,07/26/2025 08:00:00 PM,Lahore,Johar Town,BURGLARY,FORCIBLE ENTRY,OTHER,False,False,2025,31.516633,74.290962
PK-2026512,01/31/2022 07:22:36 PM,Hyderabad,Cantt,CRIMINAL DAMAGE,TO VEHICLE,CTA BUS,False,False,2022,25.362858,68.391491
PK-2026513,03/04/2023 07:00:00 PM,Multan,Model Town,THEFT,$500 AND UNDER,STREET,False,False,2023,30.161937,71.520076
PK-2026514,02/04/2021 08:10:00 PM,Karachi,Liaquatabad,BATTERY,AGGRAVATED: HANDGUN,STREET,False,False,2021,24.871853,66.94808
PK-2026515,04/11/2024 06:00:00 AM,Karachi,Nazimabad,CRIMINAL DAMAGE,TO VEHICLE,STREET,False,False,2024,24.87031,67.060484
PK-2026516,12/10/2024 03:00:00 AM,Lahore,Township,BATTERY,SIMPLE,RESIDENCE,False,False,2024,31.500678,74.290534
PK-2026517,01/23/2024 12:00:00 PM,Faisalabad,Jaranwala Road,OTHER OFFENSE,OTHER VEHICLE OFFENSE,STREET,False,False,2024,31.495695,73.158404
PK-2026518,10/03/2023 10:30:00 PM,Gujranwala,Peoples Colony,CRIMINAL DAMAGE,TO VEHICLE,STREET,False,False,2023,32.159572,74.252541
PK-2026519,11/16/2025 08:30:00 AM,Karachi,Liaquatabad,BURGLARY,FORCIBLE ENTRY,RESIDENCE,False,False,2025,24.816242,66.969802
PK-2026520,05/21/2022 09:30:00 AM,Rawalpindi,Adiala Road,THEFT,$500 AND UNDER,STREET,False,False,2022,33.61175,72.97397
PK-2026521,12/16/2020 05:30:00 AM,Lahore,Johar Town,THEFT,$500 AND UNDER,STREET,False,False,2020,31.604378,74.298166
PK-2026522,04/03/2022 08:00:00 PM,Quetta,Sariab Road,CRIMINAL TRESPASS,TO LAND,GROCERY FOOD STORE,True,False,2022,30.223255,66.951393
PK-2026523,06/14/2020 09:00:00 PM,Multan,Bosan Road,THEFT,OVER $500,PARKING LOT/GARAGE(NON.RESID.),False,False,2020,30.194642,71.477025
PK-2026524,09/26/2025 07:00:00 PM,Faisalabad,Gulberg,BATTERY,SIMPLE,STREET,False,False,2025,31.469029,73.158059
PK-2026525,01/28/2021 12:50:01 AM,Lahore,Defence (DHA),THEFT,$500 AND UNDER,DRUG STORE,True,False,2021,31.555803,74.291075
PK-2026526,05/16/2023 07:10:00 PM,Lahore,Iqbal Town,ASSAULT,SIMPLE,RESIDENCE,False,True,2023,31.500138,74.344731
PK-2026527,06/05/2020 11:00:00 AM,Lahore,Garden Town,MOTOR VEHICLE THEFT,AUTOMOBILE,STREET,False,False,2020,31.538714,74.403204
PK-2026528,07/18/2022 09:17:00 PM,Karachi,Landhi,CRIMINAL DAMAGE,TO PROPERTY,RESIDENCE-GARAGE,False,False,2022,24.845423,67.038776
PK-2026529,11/29/2020 10:45:00 AM,Multan,Gulgasht Colony,ASSAULT,SIMPLE,STREET,False,False,2020,30.12867,71.538726
PK-2026530,04/11/2025 10:23:51 AM,Faisalabad,Gulberg,CRIMINAL DAMAGE,TO PROPERTY,WAREHOUSE,False,False,2025,31.47721,73.11175
PK-2026531,06/08/2020 06:00:00 AM,Gujranwala,Peoples Colony,OTHER OFFENSE,OTHER CRIME INVOLVING PROPERTY,PARKING LOT/GARAGE(NON.RESID.),False,False,2020,32.187205,74.209368
PK-2026532,08/14/2022 07:50:00 AM,Gujranwala,Model Town,BATTERY,SIMPLE,RESIDENCE,False,True,2022,32.137426,74.197745
PK-2026533,01/22/2020 11:00:00 PM,Islamabad,Blue Area,MOTOR VEHICLE THEFT,THEFT/RECOVERY: AUTOMOBILE,STREET,False,False,2020,33.650822,73.03903
PK-2026534,03/08/2024 10:30:00 PM,Faisalabad,Peoples Colony,CRIMINAL DAMAGE,TO VEHICLE,CHA PARKING LOT/GROUNDS,False,True,2024,31.472391,73.090685
PK-2026535,02/08/2021 09:25:32 PM,Quetta,Jinnah Town,BATTERY,SIMPLE,SIDEWALK,False,False,2021,30.128936,67.021393
PK-2026536,08/24/2020 03:00:00 PM,Multan,Shah Rukn-e-Alam,BATTERY,SIMPLE,SIDEWALK,False,False,2020,30.199645,71.518874
PK-2026537,09/04/2022 05:54:18 PM,Karachi,Malir,CRIMINAL TRESPASS,TO LAND,RESIDENCE,True,False,2022,24.860118,66.964455
PK-2026538,09/19/2020 07:26:42 PM,Lahore,Garden Town,CRIMINAL DAMAGE,TO PROPERTY,RESIDENCE,False,True,2020,31.54737,74.327731
PK-2026539,03/11/2023 11:00:00 PM,Karachi,Gulshan-e-Iqbal,MOTOR VEHICLE THEFT,"TRUCK, BUS, MOTOR HOME",STREET,False,False,2023,24.871789,66.990796
PK-2026540,10/29/2020 10:25:00 AM,Quetta,Satellite Town,THEFT,$500 AND UNDER,GROCERY FOOD STORE,True,False,2020,30.218762,67.014305
PK-2026541,03/15/2022 07:00:00 PM,Rawalpindi,Committee Chowk,BATTERY,SIMPLE,POLICE FACILITY/VEH PARKING LOT,False,False,2022,33.546837,73.044934
PK-2026542,04/19/2024 11:15:00 AM,Karachi,North Nazimabad,BATTERY,DOMESTIC BATTERY SIMPLE,RESIDENCE,False,True,2024,24.882062,67.033417
PK-2026543,11/14/2023 12:13:43 AM,Peshawar,Ring Road,CRIMINAL DAMAGE,TO VEHICLE,STREET,False,False,2023,34.022988,71.466224
PK-2026544,08/28/2022 11:00:00 AM,Rawalpindi,Committee Chowk,BATTERY,SIMPLE,RESIDENCE,False,False,2022,33.537143,73.006838
PK-2026545,12/06/2024 12:00:00 PM,Lahore,Defence (DHA),THEFT,OVER $500,RESIDENCE,False,False,2024,31.595136,74.341361
PK-2026546,01/27/2021 11:02:00 PM,Karachi,Gulshan-e-Iqbal,INTERFERENCE WITH PUBLIC OFFICER,OBSTRUCTING SERVICE,RESIDENCE,True,False,2021,24.896391,66.943403
PK-2026547,03/07/2020 09:10:00 AM,Peshawar,Ring Road,BATTERY,SIMPLE,RESIDENCE,False,True,2020,34.034114,71.496078
PK-2026548,02/21/2024 06:41:00 AM,Islamabad,E-11,HOMICIDE,FIRST DEGREE MURDER,APARTMENT,True,False,2024,33.72647,73.079135
PK-2026549,04/03/2025 01:40:00 PM,Faisalabad,Gulberg,NARCOTICS,POSS: CRACK,STREET,True,False,2025,31.494475,73.091453
PK-2026550,09/16/2021 04:40:00 PM,Islamabad,Sector G-10,BATTERY,SIMPLE,ALLEY,False,False,2021,33.709404,73.052137
PK-2026551,11/03/2020 10:00:00 PM,Multan,Bosan Road,THEFT,$500 AND UNDER,STREET,False,False,2020,30.197942,71.490724
PK-2026552,07/11/2021 05:00:00 PM,Islamabad,E-11,OTHER OFFENSE,OTHER VEHICLE OFFENSE,STREET,False,True,2021,33.708097,72.989354
PK-2026553,10/25/2022 05:35:05 PM,Islamabad,F-8,ASSAULT,SIMPLE,RESIDENCE,False,True,2022,33.706017,73.016844
PK-2026554,06/17/2020 12:39:53 PM,Multan,Gulgasht Colony,ROBBERY,STRONGARM - NO WEAPON,STREET,False,False,2020,30.171733,71.582005
PK-2026555,10/19/2021 03:00:00 AM,Lahore,Shalimar,CRIMINAL DAMAGE,TO PROPERTY,RESIDENCE,False,False,2021,31.580026,74.379784
PK-2026556,11/01/2021 08:00:00 PM,Karachi,Defence (DHA),MOTOR VEHICLE THEFT,AUTOMOBILE,STREET,False,False,2021,24.819733,67.056249
PK-2026557,11/01/2022 09:13:00 PM,Karachi,Nazimabad,CRIMINAL DAMAGE,TO VEHICLE,STREET,False,False,2022,24.906404,66.999642
PK-2026558,07/17/2025 07:00:00 PM,Peshawar,University Town,THEFT,OVER $500,STREET,False,False,2025,34.059721,71.478068
PK-2026559,11/11/2022 05:00:00 PM,Rawalpindi,Peshawar Road,THEFT,$500 AND UNDER,STREET,False,False,2022,33.50861,73.022655
PK-2026560,10/27/2024 09:00:00 AM,Peshawar,Faqirabad,OTHER OFFENSE,TELEPHONE THREAT,MEDICAL / DENTAL OFFICE,False,False,2024,34.054198,71.519425
PK-2026561,12/06/2021 11:38:00 AM,Karachi,Saddar,ROBBERY,ARMED: HANDGUN,GAS STATION,False,False,2021,24.816164,67.042423
PK-2026562,06/16/2022 01:53:40 PM,Karachi,Malir,THEFT,$500 AND UNDER,STREET,False,False,2022,24.840914,66.95287
PK-2026563,11/13/2023 05:00:00 PM,Karachi,Korangi,BATTERY,SIMPLE,RESIDENCE,False,False,2023,24.889921,66.999689
PK-2026564,07/20/2024 08:34:00 PM,Lahore,Shalimar,BATTERY,SIMPLE,APARTMENT,False,False,2024,31.508991,74.301606
PK-2026565,03/10/2025 01:00:00 AM,Rawalpindi,Peshawar Road,MOTOR VEHICLE THEFT,ATT: AUTOMOBILE,OTHER,False,False,2025,33.603256,72.995861
PK-2026566,08/01/2021 04:20:00 PM,Lahore,Garden Town,THEFT,FROM BUILDING,"SCHOOL, PUBLIC, BUILDING",False,False,2021,31.589556,74.372083
PK-2026567,03/17/2022 07:30:00 PM,Lahore,Garden Town,ASSAULT,SIMPLE,CHURCH/SYNAGOGUE/PLACE OF WORSHIP,False,False,2022,31.550596,74.340722
PK-2026568,10/10/2022 06:30:00 PM,Hyderabad,Qasimabad,OTHER OFFENSE,HARASSMENT BY TELEPHONE,APARTMENT,False,False,2022,25.336766,68.342907
PK-2026569,03/15/2020 08:45:00 AM,Lahore,Samanabad,BATTERY,SIMPLE,APARTMENT,False,True,2020,31.524145,74.330937
PK-2026570,01/07/2022 08:13:44 PM,Islamabad,I-8,CRIMINAL DAMAGE,TO PROPERTY,RESIDENCE,False,True,2022,33.698431,73.043034
PK-2026571,08/18/2020 04:00:00 AM,Faisalabad,Gulberg,CRIMINAL DAMAGE,TO VEHICLE,STREET,False,False,2020,31.508142,73.169202
PK-2026572,07/17/2020 10:30:00 PM,Lahore,Shalimar,NARCOTICS,POSS: CRACK,STREET,True,False,2020,31.565518,74.39065
PK-2026573,05/03/2020 12:00:00 AM,Rawalpindi,Adiala Road,MOTOR VEHICLE THEFT,AUTOMOBILE,STREET,False,False,2020,33.536276,73.07154
PK-2026574,11/13/2025 07:15:00 PM,Multan,Cantt,THEFT,RETAIL THEFT,DEPARTMENT STORE,False,False,2025,30.173581,71.559328
PK-2026575,06/03/2024 07:00:00 PM,Quetta,Sariab Road,THEFT,$500 AND UNDER,PARKING LOT/GARAGE(NON.RESID.),True,False,2024,30.184598,66.952849
PK-2026576,01/06/2024 10:40:00 AM,Karachi,Malir,NARCOTICS,POSS: CANNABIS 30GMS OR LESS,STREET,True,False,2024,24.894281,67.023676
PK-2026577,11/29/2021 03:05:00 PM,Hyderabad,Cantt,BATTERY,SIMPLE,APPLIANCE STORE,False,False,2021,25.348838,68.350312
PK-2026578,06/01/2024 10:45:00 PM,Islamabad,F-10,BURGLARY,ATTEMPT FORCIBLE ENTRY,SMALL RETAIL STORE,False,False,2024,33.715723,73.01846
PK-2026579,03/22/2023 05:00:00 PM,Lahore,Samanabad,THEFT,OVER $500,STREET,False,False,2023,31.554652,74.384505
PK-2026580,07/19/2021 07:00:00 PM,Lahore,Johar Town,BATTERY,DOMESTIC BATTERY SIMPLE,RESIDENCE,False,True,2021,31.605259,74.288211
PK-2026581,01/05/2023 05:35:40 AM,Gujranwala,Model Town,CRIMINAL DAMAGE,TO PROPERTY,RESIDENCE,False,True,2023,32.168725,74.242711
PK-2026582,03/27/2020 05:18:00 PM,Islamabad,E-11,NARCOTICS,POSS: CRACK,STREET,True,False,2020,33.700315,73.043277
PK-2026583,04/27/2025 05:00:00 PM,Lahore,Faisal Town,OTHER OFFENSE,OTHER VEHICLE OFFENSE,ALLEY,False,False,2025,31.601543,74.360064
PK-2026584,09/14/2025 11:45:00 PM,Rawalpindi,Saddar,ROBBERY,ARMED: HANDGUN,SIDEWALK,False,False,2025,33.517401,73.036022
PK-2026585,07/07/2023 02:00:00 PM,Karachi,Gulshan-e-Iqbal,ASSAULT,SIMPLE,STREET,False,False,2023,24.913167,67.048514
PK-2026586,12/14/2025 12:20:00 PM,Karachi,Defence (DHA),THEFT,ATTEMPT THEFT,DEPARTMENT STORE,False,False,2025,24.883246,67.0175
PK-2026587,11/10/2023 12:50:00 AM,Karachi,Clifton,OTHER OFFENSE,VIOLATE ORDER OF PROTECTION,RESIDENCE,True,True,2023,24.80884,67.014772
PK-2026588,03/30/2024 07:45:00 PM,Karachi,Landhi,BATTERY,SIMPLE,STREET,False,True,2024,24.836816,66.949098
PK-2026589,08/10/2023 09:30:00 PM,Karachi,Clifton,OTHER OFFENSE,HARASSMENT BY TELEPHONE,RESIDENCE,False,False,2023,24.885681,67.003309
PK-2026590,09/28/2024 02:00:00 PM,Karachi,Saddar,NARCOTICS,POSS: CANNABIS 30GMS OR LESS,STREET,True,False,2024,24.808782,66.95912
PK-2026591,11/04/2022 09:00:00 PM,Rawalpindi,Westridge,THEFT,OVER $500,STREET,False,False,2022,33.57496,73.045392
PK-2026592,12/10/2025 06:02:20 PM,Karachi,Defence (DHA),BATTERY,SIMPLE,STREET,False,False,2025,24.842206,67.002567
PK-2026593,01/22/2021 10:30:00 PM,Lahore,Township,BATTERY,SIMPLE,RESIDENCE,True,False,2021,31.56421,74.365227
PK-2026594,05/11/2021 10:31:06 PM,Multan,Gulgasht Colony,BATTERY,SIMPLE,STREET,False,True,2021,30.102989,71.469901
PK-2026595,03/12/2022 01:50:00 PM,Islamabad,G-6,BATTERY,AGG: HANDS/FIST/FEET NO/MINOR INJURY,"SCHOOL, PUBLIC, BUILDING",False,False,2022,33.728984,72.998075
PK-2026596,09/27/2021 06:30:00 PM,Rawalpindi,Raja Bazaar,BATTERY,DOMESTIC BATTERY SIMPLE,RESIDENCE,False,True,2021,33.621919,73.042859
PK-2026597,01/25/2025 10:20:00 PM,Karachi,Malir,NARCOTICS,MANU/DELIVER: HEROIN (WHITE),STREET,True,False,2025,24.916965,66.94975
PK-2026598,03/11/2025 01:58:58 AM,Karachi,Defence (DHA),CRIMINAL TRESPASS,TO LAND,RESIDENCE-GARAGE,False,False,2025,24.890658,66.949651
PK-2026599,02/26/2025 03:00:00 PM,Karachi,Korangi,THEFT,FROM BUILDING,APARTMENT,False,False,2025,24.81631,66.942553
